--
-- PostgreSQL database dump
--

\restrict dnVUJxlAJf3NWZUpJYAmesfJwBmF8Of4ekFSgwU7vZjYuLC3fACXas6RhkwrWON

-- Dumped from database version 17.6
-- Dumped by pg_dump version 17.6

-- Started on 2025-10-15 16:37:07

SET statement_timeout = 0;
SET lock_timeout = 0;
SET idle_in_transaction_session_timeout = 0;
SET transaction_timeout = 0;
SET client_encoding = 'UTF8';
SET standard_conforming_strings = on;
SELECT pg_catalog.set_config('search_path', '', false);
SET check_function_bodies = false;
SET xmloption = content;
SET client_min_messages = warning;
SET row_security = off;

SET default_tablespace = '';

SET default_table_access_method = heap;

--
-- TOC entry 230 (class 1259 OID 24769)
-- Name: metadata_types; Type: TABLE; Schema: public; Owner: postgres
--

CREATE TABLE public.metadata_types (
    id bigint NOT NULL,
    name character varying(255) NOT NULL,
    description character varying(1024)
);


ALTER TABLE public.metadata_types OWNER TO postgres;

--
-- TOC entry 229 (class 1259 OID 24768)
-- Name: metadata_types_id_seq; Type: SEQUENCE; Schema: public; Owner: postgres
--

CREATE SEQUENCE public.metadata_types_id_seq
    START WITH 1
    INCREMENT BY 1
    NO MINVALUE
    NO MAXVALUE
    CACHE 1;


ALTER SEQUENCE public.metadata_types_id_seq OWNER TO postgres;

--
-- TOC entry 4911 (class 0 OID 0)
-- Dependencies: 229
-- Name: metadata_types_id_seq; Type: SEQUENCE OWNED BY; Schema: public; Owner: postgres
--

ALTER SEQUENCE public.metadata_types_id_seq OWNED BY public.metadata_types.id;


--
-- TOC entry 220 (class 1259 OID 24587)
-- Name: segments; Type: TABLE; Schema: public; Owner: postgres
--

CREATE TABLE public.segments (
    id bigint NOT NULL,
    station_id integer,
    segment_name character varying(255) NOT NULL,
    order_num integer NOT NULL
);


ALTER TABLE public.segments OWNER TO postgres;

--
-- TOC entry 219 (class 1259 OID 24586)
-- Name: segments_id_seq; Type: SEQUENCE; Schema: public; Owner: postgres
--

CREATE SEQUENCE public.segments_id_seq
    AS integer
    START WITH 1
    INCREMENT BY 1
    NO MINVALUE
    NO MAXVALUE
    CACHE 1;


ALTER SEQUENCE public.segments_id_seq OWNER TO postgres;

--
-- TOC entry 4912 (class 0 OID 0)
-- Dependencies: 219
-- Name: segments_id_seq; Type: SEQUENCE OWNED BY; Schema: public; Owner: postgres
--

ALTER SEQUENCE public.segments_id_seq OWNED BY public.segments.id;


--
-- TOC entry 236 (class 1259 OID 25122)
-- Name: station_videos_id_seq; Type: SEQUENCE; Schema: public; Owner: postgres
--

CREATE SEQUENCE public.station_videos_id_seq
    START WITH 1
    INCREMENT BY 1
    NO MINVALUE
    NO MAXVALUE
    CACHE 1;


ALTER SEQUENCE public.station_videos_id_seq OWNER TO postgres;

--
-- TOC entry 235 (class 1259 OID 25113)
-- Name: station_videos; Type: TABLE; Schema: public; Owner: postgres
--

CREATE TABLE public.station_videos (
    id bigint DEFAULT nextval('public.station_videos_id_seq'::regclass) NOT NULL,
    station_id bigint NOT NULL,
    video_id bigint NOT NULL
);


ALTER TABLE public.station_videos OWNER TO postgres;

--
-- TOC entry 218 (class 1259 OID 24578)
-- Name: stations; Type: TABLE; Schema: public; Owner: postgres
--

CREATE TABLE public.stations (
    id bigint NOT NULL,
    name character varying(255) NOT NULL,
    unix_start bigint DEFAULT 0 NOT NULL
);


ALTER TABLE public.stations OWNER TO postgres;

--
-- TOC entry 217 (class 1259 OID 24577)
-- Name: stations_id_seq; Type: SEQUENCE; Schema: public; Owner: postgres
--

CREATE SEQUENCE public.stations_id_seq
    AS integer
    START WITH 1
    INCREMENT BY 1
    NO MINVALUE
    NO MAXVALUE
    CACHE 1;


ALTER SEQUENCE public.stations_id_seq OWNER TO postgres;

--
-- TOC entry 4913 (class 0 OID 0)
-- Dependencies: 217
-- Name: stations_id_seq; Type: SEQUENCE OWNED BY; Schema: public; Owner: postgres
--

ALTER SEQUENCE public.stations_id_seq OWNED BY public.stations.id;


--
-- TOC entry 226 (class 1259 OID 24712)
-- Name: tags; Type: TABLE; Schema: public; Owner: postgres
--

CREATE TABLE public.tags (
    id bigint NOT NULL,
    name character varying(255) NOT NULL
);


ALTER TABLE public.tags OWNER TO postgres;

--
-- TOC entry 225 (class 1259 OID 24711)
-- Name: tags_id_seq; Type: SEQUENCE; Schema: public; Owner: postgres
--

CREATE SEQUENCE public.tags_id_seq
    START WITH 1
    INCREMENT BY 1
    NO MINVALUE
    NO MAXVALUE
    CACHE 1;


ALTER SEQUENCE public.tags_id_seq OWNER TO postgres;

--
-- TOC entry 4914 (class 0 OID 0)
-- Dependencies: 225
-- Name: tags_id_seq; Type: SEQUENCE OWNED BY; Schema: public; Owner: postgres
--

ALTER SEQUENCE public.tags_id_seq OWNED BY public.tags.id;


--
-- TOC entry 234 (class 1259 OID 24866)
-- Name: title_metadata; Type: TABLE; Schema: public; Owner: postgres
--

CREATE TABLE public.title_metadata (
    id bigint NOT NULL,
    title_id bigint NOT NULL,
    metadata_type_id bigint NOT NULL,
    value jsonb NOT NULL
);


ALTER TABLE public.title_metadata OWNER TO postgres;

--
-- TOC entry 233 (class 1259 OID 24865)
-- Name: title_metadata_id_seq; Type: SEQUENCE; Schema: public; Owner: postgres
--

ALTER TABLE public.title_metadata ALTER COLUMN id ADD GENERATED BY DEFAULT AS IDENTITY (
    SEQUENCE NAME public.title_metadata_id_seq
    START WITH 1
    INCREMENT BY 1
    NO MINVALUE
    NO MAXVALUE
    CACHE 1
);


--
-- TOC entry 222 (class 1259 OID 24686)
-- Name: titles; Type: TABLE; Schema: public; Owner: postgres
--

CREATE TABLE public.titles (
    id bigint NOT NULL,
    name character varying(255) NOT NULL,
    description text
);


ALTER TABLE public.titles OWNER TO postgres;

--
-- TOC entry 221 (class 1259 OID 24685)
-- Name: titles_id_seq; Type: SEQUENCE; Schema: public; Owner: postgres
--

CREATE SEQUENCE public.titles_id_seq
    START WITH 0
    INCREMENT BY 1
    MINVALUE 0
    NO MAXVALUE
    CACHE 1;


ALTER SEQUENCE public.titles_id_seq OWNER TO postgres;

--
-- TOC entry 4915 (class 0 OID 0)
-- Dependencies: 221
-- Name: titles_id_seq; Type: SEQUENCE OWNED BY; Schema: public; Owner: postgres
--

ALTER SEQUENCE public.titles_id_seq OWNED BY public.titles.id;


--
-- TOC entry 232 (class 1259 OID 24778)
-- Name: video_metadata; Type: TABLE; Schema: public; Owner: postgres
--

CREATE TABLE public.video_metadata (
    id bigint NOT NULL,
    video_id bigint NOT NULL,
    metadata_type_id bigint NOT NULL,
    value jsonb NOT NULL
);


ALTER TABLE public.video_metadata OWNER TO postgres;

--
-- TOC entry 231 (class 1259 OID 24777)
-- Name: video_metadata_id_seq; Type: SEQUENCE; Schema: public; Owner: postgres
--

CREATE SEQUENCE public.video_metadata_id_seq
    START WITH 1
    INCREMENT BY 1
    NO MINVALUE
    NO MAXVALUE
    CACHE 1;


ALTER SEQUENCE public.video_metadata_id_seq OWNER TO postgres;

--
-- TOC entry 4916 (class 0 OID 0)
-- Dependencies: 231
-- Name: video_metadata_id_seq; Type: SEQUENCE OWNED BY; Schema: public; Owner: postgres
--

ALTER SEQUENCE public.video_metadata_id_seq OWNED BY public.video_metadata.id;


--
-- TOC entry 228 (class 1259 OID 24721)
-- Name: video_tags; Type: TABLE; Schema: public; Owner: postgres
--

CREATE TABLE public.video_tags (
    id bigint NOT NULL,
    video_id bigint NOT NULL,
    tag_id bigint NOT NULL
);


ALTER TABLE public.video_tags OWNER TO postgres;

--
-- TOC entry 227 (class 1259 OID 24720)
-- Name: video_tags_id_seq; Type: SEQUENCE; Schema: public; Owner: postgres
--

CREATE SEQUENCE public.video_tags_id_seq
    START WITH 1
    INCREMENT BY 1
    NO MINVALUE
    NO MAXVALUE
    CACHE 1;


ALTER SEQUENCE public.video_tags_id_seq OWNER TO postgres;

--
-- TOC entry 4917 (class 0 OID 0)
-- Dependencies: 227
-- Name: video_tags_id_seq; Type: SEQUENCE OWNED BY; Schema: public; Owner: postgres
--

ALTER SEQUENCE public.video_tags_id_seq OWNED BY public.video_tags.id;


--
-- TOC entry 224 (class 1259 OID 24696)
-- Name: videos; Type: TABLE; Schema: public; Owner: postgres
--

CREATE TABLE public.videos (
    id bigint NOT NULL,
    title_id bigint NOT NULL,
    uri text NOT NULL,
    duration numeric(18,12),
    loudnorm_input_i double precision,
    loudnorm_input_lra double precision,
    loudnorm_input_tp double precision,
    loudnorm_input_thresh double precision
);


ALTER TABLE public.videos OWNER TO postgres;

--
-- TOC entry 223 (class 1259 OID 24695)
-- Name: videos_id_seq; Type: SEQUENCE; Schema: public; Owner: postgres
--

CREATE SEQUENCE public.videos_id_seq
    START WITH 1
    INCREMENT BY 1
    NO MINVALUE
    NO MAXVALUE
    CACHE 1;


ALTER SEQUENCE public.videos_id_seq OWNER TO postgres;

--
-- TOC entry 4918 (class 0 OID 0)
-- Dependencies: 223
-- Name: videos_id_seq; Type: SEQUENCE OWNED BY; Schema: public; Owner: postgres
--

ALTER SEQUENCE public.videos_id_seq OWNED BY public.videos.id;


--
-- TOC entry 4693 (class 2604 OID 24772)
-- Name: metadata_types id; Type: DEFAULT; Schema: public; Owner: postgres
--

ALTER TABLE ONLY public.metadata_types ALTER COLUMN id SET DEFAULT nextval('public.metadata_types_id_seq'::regclass);


--
-- TOC entry 4688 (class 2604 OID 24809)
-- Name: segments id; Type: DEFAULT; Schema: public; Owner: postgres
--

ALTER TABLE ONLY public.segments ALTER COLUMN id SET DEFAULT nextval('public.segments_id_seq'::regclass);


--
-- TOC entry 4686 (class 2604 OID 24633)
-- Name: stations id; Type: DEFAULT; Schema: public; Owner: postgres
--

ALTER TABLE ONLY public.stations ALTER COLUMN id SET DEFAULT nextval('public.stations_id_seq'::regclass);


--
-- TOC entry 4691 (class 2604 OID 24715)
-- Name: tags id; Type: DEFAULT; Schema: public; Owner: postgres
--

ALTER TABLE ONLY public.tags ALTER COLUMN id SET DEFAULT nextval('public.tags_id_seq'::regclass);


--
-- TOC entry 4689 (class 2604 OID 24689)
-- Name: titles id; Type: DEFAULT; Schema: public; Owner: postgres
--

ALTER TABLE ONLY public.titles ALTER COLUMN id SET DEFAULT nextval('public.titles_id_seq'::regclass);


--
-- TOC entry 4694 (class 2604 OID 24781)
-- Name: video_metadata id; Type: DEFAULT; Schema: public; Owner: postgres
--

ALTER TABLE ONLY public.video_metadata ALTER COLUMN id SET DEFAULT nextval('public.video_metadata_id_seq'::regclass);


--
-- TOC entry 4692 (class 2604 OID 24724)
-- Name: video_tags id; Type: DEFAULT; Schema: public; Owner: postgres
--

ALTER TABLE ONLY public.video_tags ALTER COLUMN id SET DEFAULT nextval('public.video_tags_id_seq'::regclass);


--
-- TOC entry 4690 (class 2604 OID 24699)
-- Name: videos id; Type: DEFAULT; Schema: public; Owner: postgres
--

ALTER TABLE ONLY public.videos ALTER COLUMN id SET DEFAULT nextval('public.videos_id_seq'::regclass);


--
-- TOC entry 4899 (class 0 OID 24769)
-- Dependencies: 230
-- Data for Name: metadata_types; Type: TABLE DATA; Schema: public; Owner: postgres
--

COPY public.metadata_types (id, name, description) FROM stdin;
1	break_point	The point in a video where a quiet blank screen transition occurs. Useful for determining where ads should be inserted.
\.


--
-- TOC entry 4889 (class 0 OID 24587)
-- Dependencies: 220
-- Data for Name: segments; Type: TABLE DATA; Schema: public; Owner: postgres
--

COPY public.segments (id, station_id, segment_name, order_num) FROM stdin;
1	1	3rd_Rock_from_the_Sun_ad_2.h264	1
2	1	3rd_Rock_from_the_Sun_ad_3.h264	2
3	1	3rd_Rock_from_the_Sun_seg_2.h264	3
4	1	3rd_Rock_from_the_Sun_ad_4.h264	4
5	1	3rd_Rock_from_the_Sun_ad_5.h264	5
6	1	3rd_Rock_from_the_Sun_ad_6.h264	6
7	1	3rd_Rock_from_the_Sun_seg_3.h264	7
8	1	3rd_Rock_from_the_Sun_ad_7.h264	8
9	1	3rd_Rock_from_the_Sun_ad_8.h264	9
10	1	3rd_Rock_from_the_Sun_ad_9.h264	10
11	1	3rd_Rock_from_the_Sun_seg_4.h264	11
12	1	3rd_Rock_from_the_Sun_ad_10.h264	12
13	1	3rd_Rock_from_the_Sun_ad_11.h264	13
14	1	3rd_Rock_from_the_Sun_ad_12.h264	14
15	1	3rd_Rock_from_the_Sun_seg_5.h264	15
16	2	Bernie_Mac_seg_1.h264	16
17	2	Bernie_Mac_ad_1.h264	17
18	2	Bernie_Mac_ad_2.h264	18
19	2	Bernie_Mac_ad_3.h264	19
20	2	Bernie_Mac_seg_2.h264	20
21	2	Bernie_Mac_ad_4.h264	21
22	2	Bernie_Mac_ad_5.h264	22
23	2	Bernie_Mac_ad_6.h264	23
24	2	Bernie_Mac_seg_3.h264	24
\.


--
-- TOC entry 4904 (class 0 OID 25113)
-- Dependencies: 235
-- Data for Name: station_videos; Type: TABLE DATA; Schema: public; Owner: postgres
--

COPY public.station_videos (id, station_id, video_id) FROM stdin;
150	2	203
152	2	205
154	2	207
156	2	209
158	2	211
161	2	214
163	2	216
165	2	218
166	2	219
168	2	221
170	2	223
172	2	225
174	2	227
175	2	228
176	2	229
177	2	230
178	2	231
179	2	232
180	2	233
181	2	234
182	2	235
183	2	236
184	2	237
185	2	238
186	2	239
187	2	240
188	2	241
189	2	242
190	2	243
191	2	244
192	2	245
193	2	246
194	2	247
195	2	248
196	2	249
197	2	250
198	2	251
199	2	252
200	2	253
201	2	254
202	2	255
203	2	256
204	2	257
205	2	258
206	2	259
207	2	260
208	2	261
209	2	262
210	2	263
211	2	264
212	2	265
213	2	266
214	2	267
215	2	268
216	2	269
217	2	270
218	2	271
219	2	272
220	2	273
221	2	274
222	2	275
223	2	276
224	2	277
225	2	278
226	2	279
227	2	280
228	2	281
229	2	282
230	2	283
231	2	284
232	2	285
233	2	286
234	2	287
235	2	288
236	2	289
237	2	290
238	2	291
239	2	292
240	2	293
241	2	294
242	2	295
243	2	296
101	1	154
102	1	155
103	1	156
104	1	157
244	2	297
245	2	298
246	2	299
247	2	300
248	2	301
249	2	302
250	2	303
251	2	304
252	2	305
253	2	306
254	2	307
255	2	308
256	2	309
257	2	310
258	2	311
259	2	312
260	2	313
261	2	314
262	2	315
263	2	316
264	2	317
265	2	318
266	2	319
267	2	320
268	2	321
269	2	322
270	2	323
271	2	324
272	2	325
273	2	326
274	2	327
275	2	328
276	2	329
277	2	330
278	2	331
279	2	332
280	2	333
281	2	334
282	2	335
283	2	336
284	2	337
285	2	338
286	2	339
287	2	340
288	2	341
289	2	342
290	2	343
291	2	344
292	2	345
293	2	346
294	2	347
295	2	348
296	2	349
297	2	350
298	2	351
299	2	352
300	2	353
301	3	373
302	3	354
303	3	355
304	3	356
305	3	357
306	3	358
307	3	359
308	3	360
309	3	361
310	3	362
311	3	363
312	3	364
313	3	365
7	1	7
61	1	114
62	1	115
63	1	116
64	1	117
65	1	118
66	1	119
67	1	120
105	1	158
68	1	121
69	1	122
70	1	123
71	1	124
1	1	1
2	1	2
3	1	3
4	1	4
5	1	5
6	1	6
8	1	8
9	1	9
10	1	10
11	1	11
12	1	12
13	1	13
106	1	159
107	1	160
108	1	161
109	1	162
110	1	163
111	1	164
112	1	165
113	1	166
114	1	167
115	1	168
116	1	169
117	1	170
118	1	171
119	1	172
120	1	173
121	1	174
122	1	175
123	1	176
124	1	177
125	1	178
126	1	179
127	1	180
128	1	181
129	1	182
130	1	183
131	1	184
132	1	185
133	1	186
134	1	187
135	1	188
136	1	189
137	1	190
138	1	191
139	1	192
140	1	193
141	1	194
142	1	195
143	1	196
144	1	197
145	1	198
146	1	199
147	1	200
148	1	201
149	1	202
14	1	67
15	1	68
16	1	69
17	1	70
18	1	71
19	1	72
20	1	73
21	1	74
22	1	75
23	1	76
24	1	77
25	1	78
26	1	79
27	1	80
28	1	81
29	1	82
30	1	83
31	1	84
32	1	85
33	1	86
34	1	87
35	1	88
36	1	89
37	1	90
38	1	91
39	1	92
40	1	93
41	1	94
42	1	95
43	1	96
44	1	97
45	1	98
46	1	99
47	1	100
48	1	101
49	1	102
50	1	103
51	1	104
52	1	105
53	1	106
54	1	107
55	1	108
56	1	109
57	1	110
58	1	111
59	1	112
60	1	113
72	1	125
73	1	126
74	1	127
75	1	128
76	1	129
77	1	130
78	1	131
79	1	132
80	1	133
81	1	134
82	1	135
83	1	136
84	1	137
85	1	138
86	1	139
87	1	140
88	1	141
89	1	142
90	1	143
91	1	144
92	1	145
93	1	146
94	1	147
95	1	148
96	1	149
97	1	150
98	1	151
99	1	152
100	1	153
151	2	204
153	2	206
155	2	208
157	2	210
159	2	212
160	2	213
162	2	215
164	2	217
167	2	220
169	2	222
171	2	224
173	2	226
314	3	366
316	3	368
318	3	370
320	3	372
322	3	375
325	3	378
328	3	381
331	3	384
333	3	386
335	3	388
337	3	390
339	3	392
341	3	394
343	3	396
347	3	402
345	3	399
349	3	404
351	3	406
353	3	408
355	3	410
357	3	412
359	3	414
361	3	416
363	3	418
365	3	420
367	3	422
370	3	425
372	3	427
374	3	429
376	3	431
378	3	433
379	3	434
381	3	436
383	3	438
385	3	440
388	3	443
390	3	445
392	3	447
394	3	449
315	3	367
317	3	369
319	3	371
321	3	374
323	3	376
324	3	377
326	3	379
327	3	380
329	3	382
330	3	383
332	3	385
334	3	387
336	3	389
338	3	391
340	3	393
342	3	395
344	3	397
346	3	401
348	3	403
350	3	405
352	3	407
354	3	409
356	3	411
358	3	413
360	3	415
362	3	417
364	3	419
366	3	421
368	3	423
369	3	424
371	3	426
373	3	428
375	3	430
377	3	432
380	3	435
382	3	437
384	3	439
386	3	441
387	3	442
389	3	444
391	3	446
393	3	448
395	3	450
396	3	451
397	3	452
398	3	453
399	3	454
400	3	455
401	3	456
402	3	457
403	3	458
404	3	459
405	3	460
406	3	461
407	3	462
408	3	463
409	3	464
410	3	465
411	3	466
412	3	467
413	3	468
414	3	469
415	3	470
416	3	471
417	3	472
418	3	473
419	3	474
420	3	475
421	3	476
422	3	477
423	3	478
424	3	479
425	3	480
426	3	481
427	3	482
428	3	483
429	3	484
430	3	485
431	3	486
432	3	487
433	3	488
434	3	489
435	3	490
436	3	491
437	3	492
438	3	493
439	3	495
492	5	628
493	5	629
440	4	496
441	4	497
442	4	498
443	4	499
444	4	500
445	4	501
446	4	502
447	4	503
448	4	504
449	4	505
450	4	506
451	4	507
452	4	508
453	4	509
454	4	510
455	4	511
456	4	512
457	4	513
458	4	514
459	4	515
460	4	516
461	4	517
462	4	518
463	4	519
464	4	520
465	4	521
466	4	522
467	4	523
468	4	524
469	4	525
470	4	526
471	4	527
472	4	528
473	4	529
474	4	530
475	4	531
476	4	532
477	4	533
478	4	534
479	4	535
480	4	536
481	4	537
482	4	538
483	4	539
484	4	540
485	5	621
486	5	622
487	5	623
488	5	624
489	5	625
490	5	626
491	5	627
494	5	630
495	5	631
496	5	632
497	5	633
\.


--
-- TOC entry 4887 (class 0 OID 24578)
-- Dependencies: 218
-- Data for Name: stations; Type: TABLE DATA; Schema: public; Owner: postgres
--

COPY public.stations (id, name, unix_start) FROM stdin;
1	Bob's Burgers	0
2	Malcolm in the Middle	0
3	3rd Rock from the Sun	0
4	Beyond Belief Fact or Fiction	0
5	Carpoolers	0
\.


--
-- TOC entry 4895 (class 0 OID 24712)
-- Dependencies: 226
-- Data for Name: tags; Type: TABLE DATA; Schema: public; Owner: postgres
--

COPY public.tags (id, name) FROM stdin;
1	christmas
2	thanksgiving
3	halloween
4	commercial
\.


--
-- TOC entry 4903 (class 0 OID 24866)
-- Dependencies: 234
-- Data for Name: title_metadata; Type: TABLE DATA; Schema: public; Owner: postgres
--

COPY public.title_metadata (id, title_id, metadata_type_id, value) FROM stdin;
\.


--
-- TOC entry 4891 (class 0 OID 24686)
-- Dependencies: 222
-- Data for Name: titles; Type: TABLE DATA; Schema: public; Owner: postgres
--

COPY public.titles (id, name, description) FROM stdin;
0	N/A	N/A
2	Malcolm in the Middle	MALCOLM IS RIGHT IN THE MIDDLE
1	Bob's Burgers	Bob has a burger!!!!
3	3rd Rock from the Sun	
\.


--
-- TOC entry 4901 (class 0 OID 24778)
-- Dependencies: 232
-- Data for Name: video_metadata; Type: TABLE DATA; Schema: public; Owner: postgres
--

COPY public.video_metadata (id, video_id, metadata_type_id, value) FROM stdin;
2	1	1	1013.0150
3	2	1	288.6635
1	1	1	565.4610
4	2	1	765.0350
5	3	1	209.7510
6	3	1	647.7930
7	3	1	879.8235
8	4	1	338.692999999999983629095
9	4	1	553.365499999999997271516
10	4	1	814.375999999999976353138
11	5	1	242.221000000000003637979
12	5	1	801.613500000000044565240
13	5	1	1092.904999999999972715159
14	6	1	316.044999999999959072738
15	6	1	649.774499999999989086064
16	6	1	976.454500000000052750693
17	7	1	341.611999999999966348696
18	7	1	751.688499999999976353138
19	7	1	1061.619999999999890860636
20	8	1	192.629999999999995452526
21	8	1	634.759000000000014551915
22	8	1	1011.779999999999972715159
23	9	1	413.600999999999999090505
24	9	1	832.185500000000047293724
25	9	1	1021.039999999999963620212
26	10	1	254.288000000000010913936
27	10	1	765.903000000000020008883
28	10	1	1042.690000000000054569682
29	11	1	267.392500000000040927262
30	11	1	620.098999999999932697392
31	11	1	1030.570000000000163709046
32	12	1	301.869000000000028194336
33	12	1	675.904500000000098225428
34	12	1	1044.840000000000145519152
35	13	1	295.274000000000000909495
36	13	1	638.451999999999998181011
37	13	1	907.491999999999961801223
38	67	1	329.41200000000003
39	67	1	550.2370000000001
40	67	1	981.7445
41	68	1	439.77250000000004
42	68	1	792.679
43	68	1	1039.6
44	69	1	317.83950000000004
45	69	1	501.6675
46	69	1	821.2155
47	70	1	348.506
48	70	1	665.394
49	70	1	993.277
50	71	1	262.774
51	71	1	711.1479999999999
52	71	1	993.9304999999999
53	72	1	358.1495
54	72	1	711.1895
55	72	1	1078.54
56	73	1	240.717
57	73	1	564.293
58	73	1	882.6524999999999
59	74	1	258.04949999999997
60	74	1	654.529
61	74	1	910.7015
62	75	1	349.376
63	75	1	687.6410000000001
64	75	1	1098.61
65	76	1	424.8325
66	76	1	730.3545
67	76	1	1014.0550000000001
68	77	1	284.75649999999996
69	77	1	629.2455
70	77	1	866.136
71	78	1	217.46699999999998
72	78	1	625.2705000000001
73	78	1	1064.63
74	79	1	191.0865
75	79	1	572.3845
76	79	1	907.581
77	80	1	340.871
78	80	1	801.342
79	80	1	1055.995
80	81	1	376.397
81	81	1	640.6400000000001
82	81	1	921.6915
83	82	1	402.6315
84	82	1	634.933
85	82	1	704.2235000000001
86	82	1	1019.54
87	83	1	287.844
88	83	1	736.7985000000001
89	83	1	1020.245
90	84	1	218.9685
91	84	1	594.302
92	84	1	953.6610000000001
93	85	1	378.837
94	85	1	768.1065
95	85	1	981.481
96	86	1	238.801
97	86	1	587.1825
98	86	1	934.9965
99	87	1	265.125
100	87	1	679.6585
101	87	1	938.8965000000001
102	88	1	243.28449999999998
103	88	1	612.2365
104	88	1	865.6614999999999
105	89	1	217.02949999999998
106	89	1	678.476
107	89	1	989.8015
108	90	1	374.916
109	90	1	636.5735
110	90	1	963.1914999999999
111	91	1	312.8125
112	91	1	774.1690000000001
113	91	1	941.2945
114	92	1	327.473
115	92	1	623.6595
116	92	1	841.987
117	93	1	350.14750000000004
118	93	1	672.4535
119	93	1	890.2850000000001
120	94	1	370.72749999999996
121	94	1	726.9665
122	94	1	937.543
123	95	1	129.9005
124	95	1	287.4955
125	95	1	698.406
126	95	1	1028.76
127	96	1	314.1055
128	96	1	642.8910000000001
129	96	1	977.6225
130	97	1	384.822
131	97	1	751.7719999999999
132	97	1	955.392
133	98	1	263.972
134	98	1	555.138
135	98	1	931.222
136	99	1	385.17650000000003
137	99	1	796.4205
138	99	1	1000.0409999999999
139	100	1	379.8675
140	100	1	775.1285
141	100	1	1089.745
142	101	1	358.102
143	101	1	771.6669999999999
144	101	1	1032.1149999999998
145	102	1	377.504
146	102	1	673.2975
147	102	1	959.4905
148	103	1	221.221
149	103	1	708.4555
150	103	1	1056.245
151	104	1	274.3365
152	104	1	750.602
153	104	1	938.135
154	105	1	256.548
155	105	1	687.6514999999999
156	105	1	957.373
157	106	1	399.0285
158	106	1	630.6925
159	106	1	691.1320000000001
160	107	1	203.2605
161	107	1	756.923
162	107	1	994.941
163	108	1	270.374
164	108	1	645.4155000000001
165	108	1	816.357
166	109	1	225.1775
167	109	1	526.3779999999999
168	109	1	954.4725000000001
169	110	1	229.209
170	110	1	590.861
171	111	1	224.558
172	111	1	684.501
173	112	1	321.554
174	112	1	768.843
175	112	1	1011.905
176	113	1	384.132
177	113	1	742.054
178	113	1	977.822
179	114	1	255.359
180	114	1	637.47
181	114	1	1069.335
182	115	1	356.947
183	115	1	674.025
184	115	1	1041.84
185	116	1	275.831
186	116	1	682.996
187	116	1	874.85
188	117	1	247.25
189	117	1	548.18
190	117	1	1026.74
191	118	1	217.113
192	118	1	572.134
193	118	1	1020.265
194	119	1	424.225
195	119	1	601.092
196	120	1	337.01
197	120	1	594.303
198	120	1	923.692
199	121	1	330.406
200	121	1	606.996
201	121	1	982.148
202	122	1	304.349
203	122	1	724.862
204	122	1	1088.4
205	123	1	248.665
206	123	1	662.462
207	123	1	954.912
208	124	1	327.841
209	124	1	777.604
210	124	1	1025.54
211	125	1	258.967
212	125	1	436.978
213	125	1	864.28
214	126	1	417.5
215	126	1	784.872
216	126	1	979.353
217	127	1	430.722
218	127	1	768.818
219	127	1	1068.03
220	128	1	389.055
221	128	1	677.844
222	128	1	1009.22
223	129	1	334.885
224	129	1	709.876
225	129	1	1025.36
226	130	1	257.424
227	130	1	811.476
228	130	1	1087
229	131	1	238.864
230	131	1	661.119
231	131	1	941.232
232	132	1	303.47
233	132	1	710.293
234	133	1	337.254
235	133	1	679.229
236	133	1	908.449
237	134	1	288.33
238	134	1	649.316
239	134	1	949.782
240	135	1	317.033
241	135	1	621.746
242	135	1	820.625
243	136	1	361.111
244	136	1	662.623
245	136	1	966.424
246	137	1	327.536
247	137	1	743.835
248	137	1	1017.35
249	138	1	414.65
250	138	1	715.465
251	138	1	1016.53
252	139	1	398.231
253	139	1	618.159
254	139	1	960.547
255	140	1	431.181
256	140	1	704.458
257	140	1	949.24
258	141	1	261.852
259	141	1	666.457
260	141	1	999.219
261	142	1	229.396
262	142	1	681.642
263	142	1	1034.115
264	143	1	360.995
265	143	1	680.908
266	143	1	1033.395
267	144	1	346.759
268	144	1	597.682
269	144	1	889.269
270	144	1	1119.155
271	145	1	280.048
272	145	1	641.906
273	145	1	915.206
274	146	1	385.552
275	146	1	760.385
276	146	1	1058.28
1214	450	1	108.182
1215	450	1	566.623
1216	450	1	1243.425
280	148	1	286.585
281	148	1	629.42
282	148	1	902.402
283	149	1	331.428
284	149	1	649.482
285	149	1	973.264
286	150	1	279.07
287	150	1	701.159
288	150	1	1050.63
289	151	1	339.005
290	151	1	643.186
291	151	1	884.029
292	152	1	308.12
293	152	1	666.279
294	152	1	975.016
1217	451	1	165.602
1218	451	1	668.91
1219	451	1	1242.945
298	154	1	297.731
299	154	1	568.255
300	154	1	961.741
301	155	1	331.206
302	155	1	687.979
303	155	1	1087.73
304	156	1	332.457
305	156	1	709.128
306	156	1	906.317
307	157	1	338.861
308	157	1	643.179
309	157	1	966.858
310	158	1	286.734
311	158	1	732.784
312	158	1	933.503
313	159	1	442.927
314	159	1	761.414
315	159	1	1040.775
316	161	1	387.976
317	161	1	672.635
318	161	1	1051.26
319	162	1	396.032
320	162	1	665.04
321	162	1	924.137
322	163	1	471.968
323	163	1	689.87
324	163	1	1013.855
325	164	1	298.76
326	164	1	718.858
327	164	1	1011.27
328	165	1	505.139
329	165	1	854.997
330	165	1	1059.145
331	166	1	401.072
332	166	1	705.797
333	166	1	1063.89
334	167	1	341.221
335	167	1	787.217
336	167	1	1047.265
337	168	1	455.381
338	168	1	836.206
339	168	1	1030.54
340	169	1	319.945
341	169	1	710.465
342	169	1	970.027
343	170	1	363.155
344	170	1	754.965
345	170	1	989.574
346	171	1	365.459
347	171	1	741.02
348	171	1	988.958
349	172	1	394.705
350	172	1	727.422
351	172	1	1030.57
352	173	1	351.026
353	173	1	660.451
354	173	1	932.684
355	174	1	264.89
356	174	1	713.796
357	174	1	1000.629
358	175	1	353.555
359	175	1	701.769
360	175	1	954.94
361	176	1	447.456
362	176	1	730.647
363	176	1	1018.75
364	177	1	320.742
365	177	1	778.361
366	177	1	1068.61
367	178	1	399.448
368	178	1	726.309
369	178	1	1036.915
370	179	1	310.435
371	179	1	705.292
372	179	1	1005.63
373	180	1	394.06
374	180	1	695.028
375	180	1	1041.135
376	181	1	464.879
377	181	1	800.197
378	181	1	1034.915
379	182	1	327.229
380	182	1	674.746
381	182	1	947.822
382	183	1	387.053
383	183	1	783.282
384	183	1	1078.08
385	184	1	436.436
386	184	1	850.021
387	184	1	1047.21
388	185	1	521.563
389	185	1	806.848
390	185	1	1033.575
391	186	1	352.269
392	186	1	721.304
393	186	1	977.56
394	187	1	370.787
395	187	1	789.209
396	187	1	986.396
397	188	1	506.673
398	188	1	863.362
399	188	1	1434.77
400	188	1	2005.215
401	188	1	2308.97
402	189	1	278.111
403	189	1	701.367
404	189	1	984.984
405	190	1	304.721
406	190	1	619.869
407	190	1	830.413
408	191	1	404.908
409	191	1	675.842
410	191	1	969.303
411	192	1	285.076
412	192	1	714.069
413	192	1	905.692
414	193	1	360.403
415	193	1	689.731
416	193	1	941.983
417	194	1	509.467
418	194	1	738.197
419	194	1	1001.125
420	195	1	356.648
421	195	1	752.377
422	195	1	991.616
423	196	1	299.216
424	196	1	743.66
425	196	1	980.563
426	197	1	426.426
427	197	1	778.111
428	197	1	952.285
429	198	1	254.963
430	198	1	723.014
431	198	1	955.037
432	199	1	439.189
433	199	1	773.523
434	199	1	926.175
435	200	1	461.169
436	200	1	847.221
437	200	1	1090.3
438	201	1	440.19
439	201	1	692.108
440	201	1	994.076
441	202	1	291.5
442	202	1	680.055
443	202	1	897.605
444	203	1	67.411
445	203	1	478.678
446	203	1	817.953
447	203	1	1282.285
448	204	1	102.035
449	204	1	102.335
450	204	1	464.581
451	204	1	866.58
452	204	1	1225.535
453	205	1	162.849
454	205	1	775.196
455	206	1	94.34
456	206	1	460.578
457	206	1	745.755
458	207	1	78.431
459	207	1	681.868
460	208	1	154.912
461	208	1	757.217
462	209	1	415.659
463	209	1	733.649
464	210	1	81.754
465	210	1	471.866
466	210	1	832.253
467	211	1	401.341
468	211	1	917.966
469	212	1	71.356
470	212	1	321.082
471	212	1	772.224
472	213	1	84.048
473	213	1	513.986
474	213	1	821.888
475	214	1	447.683
476	214	1	884.269
477	215	1	485.635
478	215	1	854.587
479	216	1	480.988
480	216	1	764.914
481	217	1	68.895
482	217	1	574.858
483	217	1	944.228
484	217	1	1280.89
485	218	1	58.22
486	218	1	621.705
487	219	1	85.533
488	219	1	514.611
489	219	1	818.482
490	220	1	88.18
491	220	1	732.564
492	221	1	631.31
493	221	1	1257.77
494	222	1	79.049
495	222	1	654.673
496	223	1	455.221
497	223	1	919.282
498	224	1	75.88
499	224	1	782.971
500	224	1	1296.225
501	225	1	82.828
502	225	1	392.228
503	225	1	818.646
504	226	1	68.254
505	226	1	410.68
506	226	1	820.723
507	226	1	1297.695
508	227	1	59.784
509	227	1	760.592
510	227	1	1296.135
511	228	1	65.911
512	228	1	641.522
513	228	1	1296.135
514	229	1	87.018
515	229	1	376.4
516	229	1	888.88
517	229	1	1287.45
518	230	1	80.205
519	230	1	641.948
520	230	1	1297.055
521	231	1	56.298
522	231	1	486.837
523	231	1	823.958
524	231	1	1294.88
525	232	1	49.566
526	232	1	424.425
527	232	1	854.531
528	232	1	1297.25
529	233	1	60.529
530	233	1	539.413
531	233	1	984.244
532	233	1	1291.95
533	234	1	72.436
534	234	1	666.75
535	234	1	1298.14
536	235	1	66.122
537	235	1	618.605
538	235	1	1298.34
539	236	1	76.81
540	236	1	713.679
541	236	1	1296.345
542	237	1	72.371
543	237	1	584.055
544	237	1	1293.4
545	238	1	58.598
546	238	1	643.399
547	238	1	1293.76
548	239	1	539.992
549	239	1	934.671
550	239	1	1201.23
551	240	1	80.227
552	240	1	589.698
553	240	1	1294.375
554	241	1	87.872
555	241	1	645.046
556	241	1	1290.665
557	242	1	64.141
558	242	1	429.707
559	242	1	846.716
560	242	1	1286.96
561	243	1	78.213
562	243	1	545.183
563	243	1	1295.875
564	244	1	57.379
565	244	1	595.024
566	244	1	1292.35
567	245	1	148.025
568	245	1	478.864
569	245	1	867.543
570	245	1	1290.935
571	246	1	47.617
572	246	1	380.632
573	246	1	968.918
574	246	1	1282.94
575	247	1	78.205
576	247	1	393.091
577	247	1	899.8
578	247	1	1276.74
579	248	1	67.238
580	248	1	346.758
581	248	1	752.049
582	248	1	1290.19
583	249	1	76.951
584	249	1	324.957
585	249	1	904.536
586	249	1	1289.725
587	250	1	80.864
588	250	1	381.363
589	250	1	860.042
590	250	1	1291.225
591	251	1	70.136
592	251	1	421.749
593	251	1	762.396
594	251	1	1290.345
595	252	1	68.67
596	252	1	621.954
597	252	1	1287.795
598	253	1	71.02
599	253	1	401.615
600	253	1	740.984
601	253	1	1289.115
602	254	1	82.472
603	254	1	831.594
604	254	1	1258.415
605	255	1	96.496
606	255	1	296.794
607	255	1	680.125
608	255	1	1289.9
609	256	1	68.71
610	256	1	676.149
611	256	1	1290.475
612	257	1	70.061
613	257	1	391.46
614	257	1	748.025
615	257	1	1289.385
616	258	1	68.048
617	258	1	704.792
618	258	1	1255.245
619	259	1	54.401
620	259	1	711.867
621	259	1	1230.315
622	260	1	69.778
623	260	1	398.084
624	260	1	876.565
625	260	1	1289.615
626	261	1	71.055
627	261	1	440.85
628	261	1	1290.27
629	262	1	75.26
630	262	1	664.734
631	262	1	1291.04
632	263	1	77.394
633	263	1	393.584
634	263	1	783.963
635	263	1	1288.58
636	264	1	63.656
637	264	1	668.072
638	264	1	1290.175
639	265	1	74.575
640	265	1	430.277
641	265	1	775.864
642	265	1	1289.34
643	266	1	63.381
644	266	1	604.158
645	266	1	1275.905
646	267	1	68.645
647	267	1	576.023
648	267	1	1275.95
649	268	1	73.015
650	268	1	694.663
651	268	1	1275.535
652	269	1	65.314
653	269	1	627.727
654	269	1	1275.92
655	270	1	66.676
656	270	1	484.43
657	270	1	721.964
658	270	1	1275.85
659	271	1	60.07
660	271	1	415.474
661	271	1	727.688
662	271	1	1275.56
663	272	1	14.331
664	272	1	516.527
665	272	1	770.099
666	272	1	1275.71
667	273	1	509.464
668	273	1	921.953
669	273	1	1275.275
670	274	1	353.387
671	274	1	803.69
672	274	1	1243.02
673	275	1	65.103
674	275	1	563.207
675	275	1	1276.88
676	276	1	51.071
677	276	1	619.95
678	276	1	1276.92
679	277	1	53.415
680	277	1	526.42
681	277	1	902.104
682	277	1	1276.51
683	278	1	57.943
684	278	1	558.597
685	278	1	1276.605
686	279	1	60.651
687	279	1	658.102
688	279	1	1276.895
689	280	1	62.343
690	280	1	616.717
691	280	1	1277.485
692	281	1	47.703
693	281	1	639.623
694	281	1	1175.825
695	281	1	1276.625
696	282	1	71.388
697	282	1	661.403
698	282	1	1174.9
699	282	1	1276.895
700	283	1	70.787
701	283	1	584.279
702	283	1	1277.21
703	284	1	68.418
704	284	1	650.236
705	284	1	1276.88
706	285	1	32.455
707	285	1	631.039
708	285	1	1311.515
709	286	1	69.88
710	286	1	624.612
711	286	1	1285.84
712	287	1	60.736
713	287	1	647.226
714	287	1	1249.25
715	288	1	69.315
716	288	1	540.059
717	288	1	1308.54
718	289	1	67.193
719	289	1	556.702
720	289	1	1276.71
721	290	1	433.493
722	290	1	773.224
723	290	1	1275.705
724	291	1	65.426
725	291	1	346.176
726	291	1	692.85
727	291	1	1281.995
728	292	1	40.092
729	292	1	422.401
730	292	1	767.755
731	292	1	1259.85
732	293	1	62.311
733	293	1	540.702
734	293	1	770.904
735	293	1	1251.665
736	294	1	64.716
737	294	1	697.863
738	294	1	1262.565
739	295	1	57.02
740	295	1	421.946
741	295	1	1277.325
742	296	1	22.286
743	296	1	671.602
744	296	1	1276.725
745	297	1	338.371
746	297	1	746.769
747	297	1	1276.15
748	298	1	420.965
749	298	1	846.32
750	298	1	1274.47
751	299	1	72.788
752	299	1	656.81
753	299	1	1276.325
754	300	1	40.66
755	300	1	587.897
756	301	1	31.818
757	301	1	649.921
758	301	1	1277.375
759	302	1	59.887
760	302	1	409.368
761	302	1	798.418
762	302	1	1276.275
763	303	1	71.889
764	303	1	603.692
765	303	1	1277.405
766	304	1	51.406
767	304	1	676.81
768	304	1	1276.475
769	305	1	81.177
770	305	1	438.172
771	305	1	797.279
772	305	1	1276.725
773	306	1	71.681
774	306	1	575.43
775	306	1	1264.86
776	307	1	59.326
777	307	1	493.524
778	307	1	872.688
779	307	1	1306.255
780	308	1	30.755
781	308	1	439.399
782	308	1	816.926
783	308	1	1276.015
784	309	1	87.289
785	309	1	540.87
786	309	1	1277.015
787	310	1	71.875
788	310	1	496.505
789	310	1	831.379
790	310	1	1263.755
791	311	1	66.994
792	311	1	683.086
793	311	1	1278.36
794	312	1	71.675
795	312	1	520.813
796	312	1	1278.845
797	313	1	53.803
798	313	1	650.333
799	313	1	1305.705
800	314	1	83.566
801	314	1	458.502
802	314	1	763.615
803	314	1	1276.62
804	315	1	59.242
805	315	1	610.165
806	315	1	948.929
807	315	1	1276.7
808	316	1	71.954
809	316	1	646.535
810	316	1	1277.93
811	317	1	65.081
812	317	1	420.457
813	317	1	702.119
814	317	1	1275.295
815	318	1	59.147
816	318	1	619.736
817	318	1	1276.11
818	319	1	63.751
819	319	1	541.024
820	319	1	1278.5
821	320	1	51.558
822	320	1	661.849
823	320	1	1306.73
824	321	1	59.803
825	321	1	549.658
826	321	1	1277.8
827	322	1	68.269
828	322	1	746.35
829	322	1	1275.715
830	323	1	51.071
831	323	1	629.241
832	323	1	1278.64
833	324	1	57.684
834	324	1	718.476
835	324	1	1276.38
836	325	1	63.048
837	325	1	582.767
838	325	1	1276.53
839	326	1	60.54
840	326	1	578.588
841	326	1	1269.02
842	327	1	58.339
843	327	1	475.195
844	327	1	734.149
845	327	1	1278.575
846	328	1	53.028
847	328	1	679.885
848	328	1	1276.195
849	329	1	70.154
850	329	1	573.013
851	329	1	1328.44
852	330	1	68.539
853	330	1	588.451
854	330	1	1278.115
855	331	1	52.755
856	331	1	635.946
857	331	1	1307.645
858	332	1	53.09
859	332	1	660.349
860	332	1	1277.945
861	333	1	57.824
862	333	1	718.59
863	333	1	1257.215
864	334	1	64.132
865	334	1	622.692
866	334	1	1281.405
867	335	1	57.392
868	335	1	708.725
869	335	1	1281.64
870	336	1	65.026
871	336	1	485.974
872	336	1	867.741
873	336	1	1282.365
874	337	1	69.361
875	337	1	690.16
876	337	1	1282.495
877	338	1	64.761
878	338	1	485.36
879	338	1	906.044
880	338	1	1311.985
881	339	1	64.877
882	339	1	677.633
883	339	1	1280.785
884	340	1	71.681
885	340	1	689.529
886	340	1	1282.475
887	341	1	63.183
888	341	1	686.792
889	341	1	1274.5
890	342	1	57.563
891	342	1	577.951
892	342	1	1311.035
893	343	1	61.377
894	343	1	579.398
895	343	1	1280.92
896	344	1	57.084
897	344	1	667.567
898	344	1	1283.085
899	345	1	77.393
900	345	1	712.022
901	345	1	1311.92
902	346	1	63.488
903	346	1	729.281
904	346	1	1279.73
905	347	1	64.625
906	347	1	444.385
907	347	1	706.396
908	347	1	1280.79
909	348	1	51.596
910	348	1	728.831
911	348	1	1247.775
912	349	1	48.02
913	349	1	553.531
914	349	1	1283.745
915	350	1	73.147
916	350	1	555.656
917	350	1	1283.51
918	351	1	71.516
919	351	1	681.028
920	351	1	1281.535
921	352	1	58.141
922	352	1	564.093
923	352	1	1282.825
924	353	1	57.441
925	353	1	575.566
926	353	1	1314.24
927	373	1	142.98
928	373	1	683.277
929	373	1	1176.1568
930	373	1	1274.3
931	354	1	129.406
932	354	1	549.593
933	354	1	1253.41
934	355	1	154.337
935	355	1	776.841
936	355	1	1275.35
937	356	1	151.831
938	356	1	729.782
939	356	1	1276.5221
940	357	1	135.396
941	357	1	817.58
942	357	1	1273.93
943	358	1	143.279
944	358	1	712.896
945	358	1	1276.05
946	359	1	129.053
947	359	1	703.481
948	359	1	1265.955
949	360	1	197.28
950	360	1	783.907
951	360	1	1271.28
952	361	1	166.7
953	361	1	669.268
954	361	1	1262.75
955	362	1	140.6
956	362	1	663.568
957	362	1	1244.185
958	363	1	142.141
959	363	1	694.037
960	363	1	1276.115
961	364	1	94.496
962	364	1	684.249
963	364	1	1274.695
964	365	1	111.593
965	365	1	701.076
966	365	1	1263.19
967	366	1	106.874
968	366	1	549.286
969	366	1	1274.275
970	367	1	111.043
971	367	1	585.689
972	367	1	1266.15
973	368	1	172.525
974	368	1	775.032
975	368	1	1277.025
976	369	1	151.529
977	369	1	707.586
978	369	1	1274.13
979	370	1	117.459
980	370	1	765.47
981	370	1	1269.455
982	371	1	187.714
983	371	1	774.746
984	371	1	1275.185
985	372	1	157.195
986	372	1	565.452
987	372	1	1274.225
988	401	1	75.333
989	401	1	696.362
990	401	1	1235.99
991	400	1	777.974
992	400	1	1425.82
993	399	1	174.124
994	399	1	691.92
995	399	1	1237.415
996	398	1	292.259
997	398	1	909.193
998	397	1	148.212
999	397	1	674.316
1000	397	1	1245.405
1001	396	1	177.829
1002	396	1	613.639
1003	396	1	1245.195
1004	395	1	175.241
1005	395	1	657.329
1006	395	1	1245.735
1007	394	1	123.402
1008	394	1	684.417
1009	394	1	1245.935
1010	393	1	174.043
1011	393	1	885.289
1012	393	1	1240.84
1013	392	1	151.219
1014	392	1	727.311
1015	392	1	1245.525
1016	391	1	180.726
1017	391	1	793.625
1018	391	1	1245.7
1019	390	1	211.766
1020	390	1	693.309
1021	390	1	1246.865
1022	389	1	132.93
1023	389	1	750.67
1024	389	1	1247.8
1025	388	1	94.561
1026	388	1	675.65
1027	388	1	1246.475
1028	387	1	160.986
1029	387	1	602.794
1030	387	1	1250.995
1031	386	1	117.364
1032	386	1	790.446
1033	386	1	1245.845
1034	385	1	172.744
1035	385	1	657.757
1036	385	1	1245.75
1037	384	1	172.81
1038	384	1	645.895
1039	384	1	1247.36
1040	383	1	180.12
1041	383	1	614.661
1042	383	1	1247.115
1043	382	1	157.365
1044	382	1	684.584
1045	382	1	1246.89
1046	381	1	137.718
1047	381	1	541.658
1048	381	1	1245.095
1049	380	1	122.898
1050	380	1	757.23
1051	380	1	1247.4
1052	379	1	123.525
1053	379	1	717.18
1054	379	1	1246.415
1055	378	1	75.805
1056	378	1	597.577
1057	378	1	1246.615
1058	377	1	137.614
1059	377	1	738.588
1060	377	1	1232.345
1061	376	1	147.416
1062	376	1	642.558
1063	376	1	1243.32
1064	375	1	191.026
1065	375	1	552.145
1066	375	1	1247.92
1067	374	1	251.594
1068	374	1	770.075
1069	374	1	1245.88
1070	402	1	274.984
1071	402	1	623.729
1072	402	1	1247.545
1073	403	1	220.225
1074	403	1	769.363
1075	403	1	1247.365
1076	404	1	199.971
1077	404	1	748.279
1078	404	1	1247.295
1079	405	1	155.74
1080	405	1	806.357
1081	405	1	1246.555
1082	406	1	143.738
1083	406	1	728.833
1084	406	1	1248.39
1085	407	1	89.142
1086	407	1	602.452
1087	407	1	1249.13
1088	408	1	181.077
1089	408	1	610.697
1090	408	1	1248.215
1091	409	1	152.09
1092	409	1	551.698
1093	409	1	1247.56
1094	410	1	207.452
1095	410	1	835.447
1096	410	1	1247.295
1097	411	1	130.312
1098	411	1	657.255
1099	411	1	1249.38
1100	412	1	155.166
1101	412	1	673.019
1102	412	1	1248.34
1103	413	1	169.51
1104	413	1	663.119
1105	413	1	1247.78
1106	414	1	110.82
1107	414	1	587.276
1108	414	1	1247.875
1109	415	1	298.811
1110	415	1	613.279
1111	415	1	1249.15
1112	416	1	76.321
1113	416	1	646.938
1114	416	1	1248.095
1115	417	1	163.811
1116	417	1	631.661
1117	417	1	1248.06
1118	418	1	156.863
1119	418	1	675.659
1120	418	1	1248.075
1121	419	1	164.522
1122	419	1	597.867
1123	419	1	1248.33
1124	420	1	129.019
1125	420	1	724.272
1126	420	1	1247.735
1127	421	1	113.484
1128	421	1	801.061
1129	421	1	1250.75
1130	422	1	119.49
1131	422	1	653.468
1132	422	1	1248.13
1133	423	1	249.956
1134	423	1	668.966
1135	423	1	1248.055
1136	424	1	168.288
1137	424	1	585.965
1138	424	1	1247.035
1139	425	1	124.252
1140	425	1	644.931
1141	425	1	1248.005
1142	426	1	141.081
1143	426	1	651.661
1144	426	1	1249.095
1145	427	1	191.683
1146	427	1	628.503
1147	427	1	1249.45
1148	428	1	136.413
1149	428	1	636.512
1150	428	1	1324.085
1151	429	1	260.547
1152	429	1	729.271
1153	429	1	1242.88
1154	430	1	106.791
1155	430	1	622.588
1156	430	1	1242.55
1157	431	1	100.177
1158	431	1	700.352
1159	431	1	1242.545
1160	432	1	88.842
1161	432	1	731.742
1162	432	1	1243.775
1163	433	1	124.108
1164	433	1	729.878
1165	433	1	1242.045
1166	434	1	133.059
1167	434	1	685.307
1168	434	1	1243.39
1169	435	1	146.314
1170	435	1	770.522
1171	435	1	1242.935
1172	436	1	185.446
1173	436	1	740.433
1174	436	1	1242.89
1175	437	1	128.8
1176	437	1	670.434
1177	437	1	1242.075
1178	438	1	146.106
1179	438	1	650.272
1180	438	1	1242.72
1181	439	1	108.023
1182	439	1	787.063
1183	439	1	1243.215
1184	440	1	228.956
1185	440	1	707.465
1186	440	1	1243.3842
1187	441	1	117.657
1188	441	1	577.015
1189	441	1	1243.64
1190	442	1	221.462
1191	442	1	713.162
1192	442	1	1243.275
1193	443	1	167.713
1194	443	1	661.995
1195	443	1	1244.34
1196	444	1	136.093
1197	444	1	669.412
1198	444	1	1244
1199	445	1	154.444
1200	445	1	728.107
1201	445	1	1244.155
1202	446	1	136.764
1203	446	1	710.885
1204	446	1	1242.975
1205	447	1	134.816
1206	447	1	687.12
1207	447	1	1243.005
1208	448	1	150.589
1209	448	1	727.524
1210	448	1	1244.805
1211	449	1	194.142
1212	449	1	837.293
1213	449	1	1242.915
1220	452	1	167.724
1221	452	1	889.92
1222	452	1	1243.595
1223	473	1	161.76
1224	473	1	796.477
1225	453	1	190.143
1226	453	1	629.448
1227	453	1	1217.4
1228	454	1	122.563
1229	454	1	698.148
1230	454	1	1216.86
1231	455	1	159.379
1232	455	1	786.865
1233	455	1	1216.78
1234	456	1	228.377
1235	456	1	575.413
1236	456	1	1216.675
1237	457	1	126.655
1238	457	1	618.629
1239	457	1	1216.415
1240	458	1	123.781
1241	458	1	631.98
1242	458	1	1216.815
1243	459	1	175.553
1244	459	1	570.56
1245	459	1	1216.4
1246	460	1	89.309
1247	460	1	533.283
1248	460	1	1217.005
1249	461	1	33.84
1250	461	1	234.359
1251	461	1	566.045
1252	461	1	1216.695
1253	462	1	131.843
1254	462	1	681.89
1255	462	1	1213.495
1256	463	1	144.187
1257	463	1	718.303
1258	463	1	1213.07
1259	464	1	145.427
1260	464	1	651.55
1261	464	1	1214.19
1262	465	1	129.14
1263	465	1	806.407
1264	465	1	1213.145
1265	466	1	132.872
1266	466	1	634.555
1267	466	1	1214.205
1268	467	1	129.887
1269	467	1	615.096
1270	467	1	1214.135
1271	468	1	109.472
1272	468	1	563.204
1273	468	1	1216.66
1274	469	1	240.786
1275	469	1	649.687
1276	469	1	1215.485
1277	470	1	113.1
1278	470	1	732.448
1279	470	1	1214.435
1281	471	1	600.162
1282	471	1	1213.265
1280	471	1	130.7262
1283	472	1	120.179
1284	472	1	662.391
1285	472	1	1213.31
1287	474	1	70.668
1288	474	1	581.5692
1289	474	1	1213.7499
1290	475	1	118.816
1291	475	1	687.419
1292	475	1	1211.8861
1293	476	1	237.92
1294	476	1	607.2609
1295	476	1	1212.2579
1296	477	1	165.013
1297	477	1	698.237
1298	477	1	1212.4087
1299	478	1	179.2436
1300	478	1	789.9949
1301	478	1	1211.6186
1302	479	1	118.9162
1303	479	1	572.1368
1304	479	1	1212.6419
1305	480	1	115.132
1306	480	1	587.075
1307	480	1	1213.065
1308	481	1	105.535
1309	481	1	673.9903
1310	481	1	1211.8445
1311	482	1	127.701
1312	482	1	699.526
1313	482	1	1212.92
1314	483	1	107.731
1315	483	1	655.606
1316	483	1	1213.525
1317	484	1	166.971
1318	484	1	702.298
1319	484	1	1212.3975
1320	485	1	154.501
1321	485	1	634.308
1322	485	1	1212.728
1323	486	1	118.847
1324	486	1	680.337
1325	486	1	1212.7843
1326	487	1	113.25
1327	487	1	672.552
1328	487	1	1212.605
1329	488	1	175.38
1330	488	1	684.7092
1331	488	1	1211.92
1332	489	1	130.3041
1333	489	1	625.2815
1334	489	1	1211.945
1335	490	1	138.876
1336	490	1	750.52
1337	490	1	1212.514
1338	491	1	159.093
1339	491	1	534.02
1340	491	1	1216.96
1341	492	1	172.512
1342	492	1	650.196
1343	492	1	1216.74
1344	493	1	125.75
1345	493	1	584.8725
1346	493	1	1213.0959
1347	495	1	145.248
1348	495	1	478.112
1349	495	1	1212.0369
1350	496	1	968.4634
1351	496	1	1527.4
1352	496	1	1924.4225
1353	496	1	2405.485
1354	497	1	513.087
1355	497	1	879.7677
1356	497	1	1411.6787
1357	497	1	1870.4707
1358	497	1	2430.575
1359	498	1	569.8868
1360	498	1	928.8957
1361	498	1	1565.23
1362	498	1	1992.9735
1363	498	1	2395.981
1364	499	1	662.752
1365	499	1	1052.3231
1366	499	1	1533.2111
1367	499	1	1958.1583
1368	499	1	2378.28
1369	500	1	587.309
1370	500	1	1032.3
1371	500	1	1772.03
1372	500	1	2265.68
1373	501	1	746.735
1374	501	1	1273.89
1375	501	1	1825.105
1376	501	1	2275.54
1377	501	1	2568.93
1378	502	1	489.031
1379	502	1	982.3557
1380	502	1	1446.2533
1381	502	1	1832.433
1382	502	1	2293.201
1383	503	1	492.642
1384	503	1	806.839
1385	503	1	1266.081
1386	503	1	1710.792
1387	503	1	2307.474
1388	504	1	593.61
1389	504	1	963.156
1390	504	1	1492.004
1391	504	1	1952.995
1392	504	1	2348.963
1393	505	1	612.463
1394	505	1	1043.309
1395	505	1	1426.325
1396	505	1	2025.29
1397	505	1	2349.121
1398	506	1	499.616
1399	506	1	972.855
1400	506	1	1451.65
1401	506	1	1870.635
1402	506	1	2312.327
1403	507	1	459.438
1404	507	1	868.192
1405	507	1	1301.634
1406	507	1	1736.285
1407	507	1	2275.907
1408	508	1	528.056
1409	508	1	911.677
1410	508	1	1292.258
1411	508	1	1851.205
1412	508	1	2269.64
1413	509	1	540.252
1414	509	1	945.795
1415	509	1	1423.4536
1416	509	1	1839.3207
1417	509	1	2357.116
1418	510	1	557.791
1419	510	1	1022.588
1420	510	1	1483.666
1421	510	1	1882.864
1422	510	1	2324.389
1423	511	1	571.137
1424	511	1	995.077
1425	511	1	1398.697
1426	511	1	1897.579
1427	511	1	2371.586
1428	512	1	530.397
1429	512	1	1042.808
1430	512	1	1495.928
1431	512	1	1877.175
1432	512	1	2301.733
1433	513	1	546.329
1434	513	1	985.151
1435	513	1	1512.311
1436	513	1	1970.318
1437	513	1	2399.497
1438	514	1	474.958
1439	514	1	963.563
1440	514	1	1405.571
1441	514	1	1832.597
1442	514	1	2330.028
1443	515	1	460.97
1444	515	1	949.866
1445	515	1	1389.538
1446	515	1	1867.616
1447	515	1	2389.671
1448	516	1	510.875
1449	516	1	939.897
1450	516	1	1388.588
1451	516	1	1838.566
1452	516	1	2316.503
1453	517	1	439.106
1454	517	1	930.372
1455	517	1	1444.643
1456	517	1	1901.618
1457	517	1	2349.867
1458	518	1	451.534
1459	518	1	944.006
1460	518	1	1371.467
1461	518	1	1831.653
1462	518	1	2321.103
1463	519	1	453.937
1464	519	1	905.557
1465	519	1	1390.589
1466	519	1	1883.552
1467	519	1	2319.352
1468	520	1	40.474
1469	520	1	419.569
1470	520	1	870.37
1471	520	1	1429.395
1472	520	1	1889.571
1473	520	1	2344.442
1474	521	1	605.61
1475	521	1	975.915
1476	521	1	1548.874
1477	521	1	1912.497
1478	521	1	2321.367
1479	522	1	522.689
1480	522	1	912.037
1481	522	1	1412.118
1482	522	1	1902.467
1483	522	1	2403.567
1484	523	1	457.29
1485	523	1	921.035
1486	523	1	1408.115
1487	523	1	1837.096
1488	523	1	2336.007
1489	524	1	427.311
1490	524	1	844.862
1491	524	1	1335.222
1492	524	1	1852.041
1493	524	1	2290.816
1494	525	1	551.337
1495	525	1	1052.168
1496	525	1	1461.56
1497	525	1	1919.835
1498	525	1	2421.052
1499	526	1	474.824
1500	526	1	947.497
1501	526	1	1448.764
1502	526	1	1943.525
1503	526	1	2433.581
1504	527	1	526.944
1505	527	1	964.389
1506	527	1	1435.229
1507	527	1	1891.99
1508	527	1	2403.595
1509	528	1	498.498
1510	528	1	889.288
1511	528	1	1382.498
1512	528	1	1840.322
1513	528	1	2361.142
1514	529	1	513.116
1515	529	1	880.747
1516	529	1	1312.71
1517	529	1	1775.25
1518	529	1	2312.042
1519	530	1	40.09
1520	530	1	428.986
1521	530	1	878.17
1522	530	1	1423.096
1523	530	1	1861.696
1524	530	1	2341.093
1525	531	1	527.365
1526	531	1	928.177
1527	531	1	1334.567
1528	531	1	1854.653
1529	531	1	2346.077
1530	532	1	563.93
1531	532	1	978.58
1532	532	1	1433.265
1533	532	1	1796.178
1534	532	1	2309.962
1535	533	1	548.498
1536	533	1	881.03
1537	533	1	1394.026
1538	533	1	1955.253
1539	533	1	2405.903
1540	534	1	450.734
1541	534	1	906.622
1542	534	1	1466.231
1543	534	1	1868.884
1544	534	1	2324.506
1545	535	1	480.981
1546	535	1	914.847
1547	535	1	1346.929
1548	535	1	1884.9
1549	536	1	569.035
1550	536	1	1005.621
1551	536	1	1388.537
1552	536	1	1881.696
1553	536	1	2298.897
1554	537	1	571.337
1555	537	1	1020.519
1556	537	1	1433.465
1557	537	1	1922.003
1558	537	1	2323.791
1559	538	1	599.282
1560	538	1	959.458
1561	538	1	1406.205
1562	538	1	1830.095
1563	538	1	2251.783
1564	539	1	519.436
1565	539	1	970.52
1566	539	1	1439.605
1567	539	1	1899.314
1568	539	1	2288.83
1569	540	1	494.661
1570	540	1	973.472
1571	540	1	1461.093
1572	540	1	1879.144
1573	540	1	2356.197
1574	621	1	73.852
1575	621	1	394.102
1576	621	1	781.4
1577	621	1	990.022
1578	622	1	62.343
1579	622	1	502.816
1580	622	1	832.19
1581	622	1	1014.91
1582	623	1	43.764
1583	623	1	244.727
1584	623	1	464.193
1585	623	1	720.949
1586	624	1	109.438
1587	624	1	412.59
1588	624	1	803.232
1589	624	1	1106.593
1590	625	1	291.359
1591	625	1	616.161
1592	625	1	1252.667
1593	626	1	44.337
1594	626	1	488.131
1595	626	1	803.901
1596	626	1	1205.204
1597	627	1	35.905
1598	627	1	320.728
1599	627	1	739.132
1600	628	1	82.054
1601	628	1	351.706
1602	628	1	1133.372
1603	629	1	46.437
1604	629	1	452.596
1605	629	1	965.089
1606	629	1	1217.973
1607	630	1	35.048
1608	630	1	481.631
1609	630	1	843.517
1610	630	1	1237.501
1611	631	1	97.718
1612	631	1	405.935
1613	631	1	766.266
1614	631	1	1046.379
1615	632	1	77.969
1616	632	1	490.228
1617	632	1	762.589
1618	632	1	1216.707
1619	633	1	37.638
1620	633	1	467.622
1621	633	1	749.613
1622	633	1	938.835
\.


--
-- TOC entry 4897 (class 0 OID 24721)
-- Dependencies: 228
-- Data for Name: video_tags; Type: TABLE DATA; Schema: public; Owner: postgres
--

COPY public.video_tags (id, video_id, tag_id) FROM stdin;
1	14	4
2	15	4
3	16	4
4	17	4
5	18	4
6	19	4
7	20	4
8	21	4
9	22	4
10	23	4
11	24	4
12	25	4
13	26	4
14	27	4
15	28	4
16	29	4
17	30	4
18	31	4
19	32	4
20	33	4
21	34	4
22	35	4
23	36	4
24	37	4
25	38	4
26	39	4
27	40	4
28	41	4
29	42	4
30	43	4
31	44	4
32	45	4
33	46	4
34	47	4
35	48	4
36	49	4
37	50	4
38	51	4
39	52	4
40	53	4
41	54	4
42	55	4
43	56	4
44	57	4
45	58	4
46	59	4
47	60	4
48	61	4
49	62	4
50	63	4
51	64	4
52	65	4
53	66	4
54	541	4
55	542	4
56	543	4
57	544	4
58	545	4
59	546	4
60	552	4
61	551	4
62	550	4
63	549	4
64	548	4
65	547	4
66	553	4
67	554	4
68	555	4
69	569	4
70	568	4
71	567	4
72	566	4
73	565	4
74	564	4
75	563	4
76	562	4
77	561	4
78	560	4
79	559	4
80	558	4
81	557	4
82	556	4
83	575	4
84	574	4
85	573	4
86	572	4
87	571	4
88	570	4
89	577	4
90	576	4
91	580	4
92	579	4
93	578	4
94	582	4
95	581	4
96	583	4
97	584	4
98	585	4
99	589	4
100	588	4
101	587	4
102	586	4
103	591	4
104	590	4
105	593	4
106	592	4
107	594	4
108	595	4
109	597	4
110	596	4
111	599	4
112	598	4
113	617	4
114	616	4
115	615	4
116	614	4
117	613	4
118	612	4
119	611	4
120	610	4
121	609	4
122	608	4
123	607	4
124	606	4
125	605	4
126	604	4
127	603	4
128	602	4
129	601	4
130	600	4
131	619	4
132	618	4
133	620	4
134	634	4
135	635	4
136	647	4
137	646	4
138	645	4
139	644	4
140	643	4
141	642	4
142	641	4
143	640	4
144	639	4
145	638	4
146	637	4
147	636	4
148	648	4
149	649	4
150	650	4
151	653	4
152	652	4
153	651	4
154	661	4
155	660	4
156	659	4
157	658	4
158	657	4
159	656	4
160	655	4
161	654	4
\.


--
-- TOC entry 4893 (class 0 OID 24696)
-- Dependencies: 224
-- Data for Name: videos; Type: TABLE DATA; Schema: public; Owner: postgres
--

COPY public.videos (id, title_id, uri, duration, loudnorm_input_i, loudnorm_input_lra, loudnorm_input_tp, loudnorm_input_thresh) FROM stdin;
23	0	Commercials/N64/Kirby 64/U.S Kirby 64 commercial.mp4	15.650000000000	-14.02	6.1	-0.01	-24.89
2	1	Bob's Burgers/1/Bob's Burgers 0102 Crawl Space.mkv	1291.164750000000	-19.72	7.4	-1.86	-30.07
3	1	Bob's Burgers/1/Bob's Burgers 0103 Sacred Cow.mkv	1296.294750000000	-24.09	8.3	-6.66	-34.52
4	1	Bob's Burgers/1/Bob's Burgers 0104 Sexy Dance Fighting.mkv	1296.127750000000	-24.63	6.6	-6.87	-34.93
32	0	Commercials/N64/Turok Dinosaur Hunter/Turok Dinosaur Hunter Commercial.mp4	30.741667000000	-9.07	3.6	0.38	-19.67
6	1	Bob's Burgers/1/Bob's Burgers 0106 Sheesh Cab Bob.mkv	1294.125750000000	-24.35	8.2	-6.34	-34.6
7	1	Bob's Burgers/1/Bob's Burgers 0107 Bed & Breakfast.mkv	1280.904000000000	-24.67	7.1	-7.08	-35.03
8	1	Bob's Burgers/1/Bob's Burgers 0108 Art Crawl.mkv	1301.925750000000	-24.38	6.1	-6.93	-34.59
10	1	Bob's Burgers/1/Bob's Burgers 0110 Burger War.mkv	1293.625750000000	-24.11	7	-6.83	-34.35
41	0	Commercials/PS1/Resident Evil 3/Resident Evil 3- Nemesis Commercial.mp4	29.866667000000	-22.37	2.3	-10.4	-32.39
43	0	Commercials/PS2/Grand Theft Auto III/Grand Theft Auto III Trailer.mp4	60.463333000000	-20.96	5.3	-8.37	-31.35
42	0	Commercials/PS2/Final Fantasy X/Final Fantasy X Promo Trailer.mp4	154.955000000000	-11.46	8.9	1.43	-22.41
12	1	Bob's Burgers/1/Bob's Burgers 0112 Lobsterfest.mkv	1293.959750000000	-22.87	6.7	-6.27	-33.08
13	1	Bob's Burgers/1/Bob's Burgers 0113 Torpedo.mkv	1294.459750000000	-23.48	6.4	-6.97	-33.7
18	0	Commercials/N64/Console/Nintendo 64 It's Coming Right At Us.mp4	28.536667000000	-22.4	2.3	-12.3	-32.67
25	0	Commercials/N64/Paper Mario/Paper Mario Debut Commercial.mp4	29.836667000000	-8.73	4.7	1.23	-18.78
20	0	Commercials/N64/Donkey Kong 64/Donkey Kong 64 Promotional Trailer.mp4	60.720000000000	-14.18	2.3	-0.26	-24.64
24	0	Commercials/N64/Mario Kart 64/Mario Kart 64 Commercial.mp4	30.531000000000	-10.63	3.5	0.04	-20.73
27	0	Commercials/N64/Super Mario 64/Super Mario 64 Commercial.mp4	27.538333000000	-24.01	2.5	-11.47	-34.04
28	0	Commercials/N64/Super Smash Bros/Super Smash Bros. Commercial.mp4	30.348333000000	-13.86	1.2	-5.05	-23.91
29	0	Commercials/N64/The Legend of Zelda Majora's Mask/The Legend of Zelda Majora's Mask Trailer.mp4	60.433333000000	-21.06	9.9	-3.2	-31.45
34	0	Commercials/PS1/Vigilante 8/Vigilante 8 Banned Commercial.mp4	32.067000000000	-14.18	4.4	-1.72	-24.66
35	0	Commercials/PS1/Duke Nukem/Duke Nukem Commercial.mp4	14.883333000000	-19.06	3.1	-6.45	-29.41
36	0	Commercials/PS1/Duke Nukem Time to Kill/Duke Nukem Time to Kill Commercial.mp4	30.091667000000	-17.42	2.5	-4.01	-27.42
37	0	Commercials/PS1/Resident Evil 2/Resident Evil 2 Commercial 30sec.mp4	30.325267000000	-16.16	1.8	-2.74	-26.19
39	0	Commercials/PS1/Resident Evil 2/Biohazard 2 Commercial George Romero.mp4	24.960000000000	-13.19	5.1	-1.14	-23.61
38	0	Commercials/PS1/Resident Evil 2/Biohazard 2 TV Spot George Romero.mp4	31.196000000000	-10.22	5.8	0.2	-21.31
15	0	Commercials/N64/Banjo-Kazooie/Banjo-Kazooie Nintendo 64 Cartoon Network Giveaway.mp4	32.901667000000	-26.88	1.8	-13.04	-36.89
16	0	Commercials/N64/Banjo-Kazooie/Banjo-Kazooie Promotional Trailer.mp4	35.641667000000	-15.39	3.2	-0.63	-25.85
17	0	Commercials/N64/Banjo-Kazooie/Banjo-Kazooie Commercial US.mp4	29.906667000000	-18.14	2.7	-4.51	-28.25
44	0	Commercials/PS2/Grand Theft Auto Vice City/Grand Theft Auto Vice City Trailer 1.mp4	64.968333000000	-16.25	8.1	-0.91	-26.37
46	0	Commercials/PS2/Xenosaga Episode I Der Wille zur Macht/Xenosaga Episode I Der Wille zur Macht Commercial.mp4	31.695234000000	-16.26	15.3	-1.18	-27.68
47	0	Commercials/N64/The Legend of Zelda Ocarina of Time/The Legend of Zelda Ocarina Of Time E3 Promo Trailer.mp4	56.261667000000	-15.09	6.3	-3.5	-25.51
48	0	Commercials/Gamecube/Metroid Prime/Metroid Prime Live Action TV Spot V1.mp4	70.448333000000	-24.92	5.7	-13.75	-35.14
49	0	Commercials/Gamecube/Pikmin/Pikmin Promo Trailer.mp4	119.605000000000	-28.4	14.1	-9.32	-39.23
52	0	Commercials/Gamecube/Resident Evil 0/Resident Evil 0 Commercial.mp4	30.208333000000	-16.52	2	-3.24	-26.56
51	0	Commercials/Gamecube/Resident Evil (Remake)/Resident Evil (Remake) Promo.mp4	90.858333000000	-18.47	14.1	-0.67	-29.28
54	0	Commercials/Gamecube/Resident Evil 0/Resident Evil 0 Commercial 2.mp4	67.314633000000	-17.02	11	-1.54	-27.6
55	0	Commercials/Gamecube/The Legend of Zelda The Wind Waker/The Legend of Zelda The Wind Waker With Ocarina of Time Master Quest.mp4	30.000000000000	-14.53	2	-0.56	-24.63
57	0	Commercials/SNES/Super Mario Kart/Super Mario Kart Commercial.mp4	30.115000000000	-11.62	1.6	0.14	-21.67
58	0	Commercials/SNES/Super Mario World/Super Mario World Commercial.mp4	30.486667000000	-25.13	3.1	-7.08	-35.22
59	0	Commercials/NES/Super Mario Bros. 2/Super Mario Bros. 2 Commercial.mp4	29.675000000000	-26.07	1.3	-15.09	-36.16
60	0	Commercials/Gameboy/Kirby's Dream Land/Kirby's Dream Land Commercial.mp4	30.000000000000	-20.35	2.6	-7.09	-30.41
62	0	Commercials/64 Bit Jaguar/DOOM/DOOM Commercial.mp4	34.550000000000	-12.75	2.3	-0.58	-23.2
63	0	Commercials/NES/Konami/Konami Commercial.mp4	31.346667000000	-18.46	7	-7.12	-29.06
64	0	Commercials/PS2/Final Fantasy X/Final Fantasy X Promo Trailer 2.mp4	170.225000000000	-16.91	8.8	0.52	-27.33
272	0	Malcolm in the Middle/4/Malcolm in the Middle 0407 Malcolm Holds His Tongue.mkv	1315.981375000000	-24.78	12.6	-3.36	-35.84
637	0	Commercials/N64/Nintendo 64 Christmas Commercial.mp4	29.841000000000	-16.69	8	-2.65	-26.85
66	0	Commercials/PS2/Final Fantasy X-2/Final Fantasy X-2 Promo Japanese.mp4	180.975000000000	-18.58	4.7	-1.22	-28.75
69	0	Bob's Burgers/2/Bob's Burgers 0203 Synchronized Swimming.mkv	1272.384000000000	-26.44	9.4	-5.23	-36.74
68	0	Bob's Burgers/2/Bob's Burgers 0202 Bob Day Afternoon.mkv	1291.488000000000	-23.3	8.3	-1.33	-33.67
71	0	Bob's Burgers/2/Bob's Burgers 0205 Food Truckin'.mkv	1272.192000000000	-22.66	7.9	0.17	-32.94
70	0	Bob's Burgers/2/Bob's Burgers 0204 Burgerboss.mkv	1295.832000000000	-22.66	9.2	1.4	-32.98
67	0	Bob's Burgers/2/Bob's Burgers 0201 The Belchies.mkv	1287.024000000000	-22.52	8.9	0.33	-32.88
72	0	Bob's Burgers/2/Bob's Burgers 0206 Dr Yap.mkv	1292.136000000000	-23.61	6.1	-1.13	-33.93
73	0	Bob's Burgers/2/Bob's Burgers 0207 Moody Foodie.mkv	1282.056000000000	-23.98	5.2	-3.95	-34.29
74	0	Bob's Burgers/2/Bob's Burgers 0208 Bad Tina.mkv	1290.216000000000	-23.22	7.2	-3.75	-33.53
77	0	Bob's Burgers/3/Bob's Burgers 0302 Full Bars.mkv	1284.115750000000	-22.35	7.9	-2.08	-32.63
75	0	Bob's Burgers/2/Bob's Burgers 0209 Beefsquatch.mkv	1292.808000000000	-23.57	6.5	-4.44	-33.77
76	0	Bob's Burgers/3/Bob's Burgers 0301 Ear-sy Rider.mkv	1292.958750000000	-20.98	9.4	1.37	-31.29
78	0	Bob's Burgers/3/Bob's Burgers 0303 Bob Fires the Kids.mkv	1292.249750000000	-22.64	6.8	-3.41	-32.88
79	0	Bob's Burgers/3/Bob's Burgers 0304 Mutiny on the Windbreaker.mkv	1291.915750000000	-23.01	7	-3.24	-33.43
80	0	Bob's Burgers/3/Bob's Burgers 0305 An Indecent Thanksgiving Proposal.mkv	1292.165750000000	-22.85	7	-3.49	-33.16
82	0	Bob's Burgers/3/Bob's Burgers 0307 Tina-Rannosaurus Wrecks.mkv	1292.123750000000	-27.31	4.4	-10.19	-37.45
81	0	Bob's Burgers/3/Bob's Burgers 0306 The Deepening.mkv	1271.853750000000	-21.67	9.5	-1.2	-31.96
83	0	Bob's Burgers/3/Bob's Burgers 0308 The Unbearable Like-Likeness of Gene.mkv	1289.287750000000	-24.86	6.2	-3.3	-35.07
84	0	Bob's Burgers/3/Bob's Burgers 0309 God Rest Ye Merry Gentle-Mannequins.mkv	1292.374750000000	-25.18	6.2	-6.95	-35.39
85	0	Bob's Burgers/3/Bob's Burgers 0310 Mother Daughter Laser Razor.mkv	1298.046750000000	-25.2	5.6	-4.55	-35.33
86	0	Bob's Burgers/3/Bob's Burgers 0311 Nude Beach.mkv	1297.546750000000	-25.52	6.2	-4.53	-35.7
88	0	Bob's Burgers/3/Bob's Burgers 0313 My Fuzzy Valentine.mkv	1286.952750000000	-25.23	4.9	-7.19	-35.36
90	0	Bob's Burgers/3/Bob's Burgers 0315 O T The Outside Toilet.mkv	1272.145750000000	-24.87	7.1	-4.76	-35.05
87	0	Bob's Burgers/3/Bob's Burgers 0312 Broadcast Wagstaff School News.mkv	1282.155750000000	-25.4	4.8	-6.19	-35.52
89	0	Bob's Burgers/3/Bob's Burgers 0314 Lindapendant Woman.mkv	1271.978750000000	-25.49	4.7	-4.71	-35.62
91	0	Bob's Burgers/3/Bob's Burgers 0316 Topsy.mkv	1292.457750000000	-24.44	7.1	-5.35	-34.54
92	0	Bob's Burgers/3/Bob's Burgers 0317 Two for Tina.mkv	1292.249750000000	-25.13	5.7	-6.08	-35.24
93	0	Bob's Burgers/3/Bob's Burgers 0318 It Snakes a Village.mkv	1272.479750000000	-24.73	6.6	-5.31	-34.86
95	0	Bob's Burgers/3/Bob's Burgers 0320 The Kids Run the Restaurant.mkv	1287.202750000000	-24.81	5.3	-6.78	-34.95
94	0	Bob's Burgers/3/Bob's Burgers 0319 Family Fracas.mkv	1293.959750000000	-24.69	6.6	-4.79	-34.79
96	0	Bob's Burgers/3/Bob's Burgers 0321 Boyz 4 Now.mkv	1272.354750000000	-23.32	8.8	-3.67	-33.5
97	0	Bob's Burgers/3/Bob's Burgers 0322 Carpe Museum.mkv	1275.273750000000	-24.72	6.4	-6.28	-34.85
367	0	3rd Rock from the Sun/1/3rd Rock from the Sun 115 I Enjoy Being a Dick.mkv	1296.042000000000	-22.59	6.7	-4.59	-33.07
365	0	3rd Rock from the Sun/1/3rd Rock from the Sun 113 Angry Dick.mkv	1293.013000000000	-23.05	6.1	-5.07	-33.41
368	0	3rd Rock from the Sun/1/3rd Rock from the Sun 116 Dick Like Me.mkv	1306.645000000000	-22.68	7.8	-4.49	-33.19
370	0	3rd Rock from the Sun/1/3rd Rock from the Sun 118 Father Knows Dick.mkv	1298.453000000000	-22.67	6.5	-5.27	-33.22
354	0	3rd Rock from the Sun/1/3rd Rock from the Sun 102 Post-Nasal Dick.mkv	1282.773000000000	-24.4	8.6	-6.94	-35.08
366	0	3rd Rock from the Sun/1/3rd Rock from the Sun 114 The Dicks They Are A-Changin'.mkv	1303.573000000000	-22.63	6.6	-5.03	-33.2
362	0	3rd Rock from the Sun/1/3rd Rock from the Sun 110 Truth or Dick.mkv	1272.853000000000	-22.82	6.3	-7.49	-33.4
361	0	3rd Rock from the Sun/1/3rd Rock from the Sun 109 Ab-Dick-ted.mkv	1292.736000000000	-22.41	6.5	-5.04	-32.96
359	0	3rd Rock from the Sun/1/3rd Rock from the Sun 107 Lonely Dick.mkv	1295.402000000000	-23.47	8.5	-4.87	-34.16
360	0	3rd Rock from the Sun/1/3rd Rock from the Sun 108 Body & Soul & Dick.mkv	1300.842000000000	-21.55	6.4	-5.96	-32.16
363	0	3rd Rock from the Sun/1/3rd Rock from the Sun 111 The Art of Dick.mkv	1305.813000000000	-22.6	6.4	-4.69	-33.15
364	0	3rd Rock from the Sun/1/3rd Rock from the Sun 112 Frozen Dick.mkv	1304.853000000000	-22.52	7.4	-5.46	-33.06
372	0	3rd Rock from the Sun/1/3rd Rock from the Sun 120 See Dick Run.mkv	1303.573000000000	-21.99	7.6	-4.55	-32.66
369	0	3rd Rock from the Sun/1/3rd Rock from the Sun 117 Assault with a Deadly Dick.mkv	1303.573000000000	-22.38	6.1	-3.75	-32.81
65	0	Commercials/PS2/Final Fantasy X/Final Fantasy X Promo Trailer 3.mp4	103.188333000000	-26.99	15.2	-10.79	-37.7
277	0	Malcolm in the Middle/4/Malcolm in the Middle 0412 Kicked Out.mkv	1315.480875000000	-24.3	14.9	-1.08	-35.96
101	0	Bob's Burgers/4/Bob's Burgers 0403 Seaplane.mkv	1292.750000000000	-25.35	4.9	-7.62	-35.44
100	0	Bob's Burgers/4/Bob's Burgers 0402 Fort Night.mkv	1293.472000000000	-24.84	5	-7.82	-34.96
99	0	Bob's Burgers/4/Bob's Burgers 0401 A River Runs Through Bob.mkv	1290.176000000000	-25.36	4.7	-6.89	-35.43
102	0	Bob's Burgers/4/Bob's Burgers 0404 My Big Fat Greek Bob.mkv	1282.272000000000	-25.44	5	-8.1	-35.54
103	0	Bob's Burgers/4/Bob's Burgers 0405 Turkey in a Can.mkv	1272.063000000000	-25.7	4.5	-8.05	-35.83
105	0	Bob's Burgers/4/Bob's Burgers 0407 Bob and Deliver.mkv	1291.374000000000	-25.72	4.5	-7.94	-35.8
106	0	Bob's Burgers/4/Bob's Burgers 0408 Christmas in the Car.mkv	1276.687000000000	-25.57	4.9	-7.84	-35.75
108	0	Bob's Burgers/4/Bob's Burgers 0410 Presto Tina-o.mkv	1278.068000000000	-25.39	4.4	-7.65	-35.52
109	0	Bob's Burgers/4/Bob's Burgers 0411 Easy Com-mercial, Easy Go-mercial.mkv	1286.368000000000	-22.84	2.1	-4.2	-32.88
110	0	Bob's Burgers/4/Bob's Burgers 0412 The Frond Files.mkv	1295.776000000000	-24.82	6.1	-7.69	-34.95
113	0	Bob's Burgers/4/Bob's Burgers 0415 The Kids Rob a Train.mkv	1284.576000000000	-24.22	2.5	-5.74	-34.36
112	0	Bob's Burgers/4/Bob's Burgers 0414 Uncle Teddy.mkv	1290.247000000000	-22.79	2.4	-3.48	-32.86
115	0	Bob's Burgers/4/Bob's Burgers 0417 The Equestranauts.mkv	1288.704000000000	-25.39	5	-8.35	-35.46
116	0	Bob's Burgers/4/Bob's Burgers 0418 Ambergris.mkv	1267.183000000000	-25.28	4.8	-7.59	-35.36
118	0	Bob's Burgers/4/Bob's Burgers 0420 Gene It On.mkv	1285.696000000000	-24.29	2.6	-4.11	-34.36
119	0	Bob's Burgers/4/Bob's Burgers 0421 Wharf Horse (or How Bob Saves Destroys the Town - Part I).mkv	1283.824000000000	-25.64	4.5	-8.02	-35.69
121	0	Bob's Burgers/5/Bob's Burgers 0501 Work Hard Or Die Trying, Girl.mkv	1296.963000000000	-22.72	7.4	-2.7	-32.87
123	0	Bob's Burgers/5/Bob's Burgers 0503 Friends With Burger-Fits.mkv	1294.836000000000	-23.2	7.4	-3.11	-33.4
125	0	Bob's Burgers/5/Bob's Burgers 0505 Best Burger.mkv	1262.845000000000	-23.25	5.4	-4.99	-33.32
124	0	Bob's Burgers/5/Bob's Burgers 0504 Dawn of the Peck.mkv	1281.864000000000	-22.61	8.5	-2.83	-32.9
126	0	Bob's Burgers/5/Bob's Burgers 0506 Father of the Bob.mkv	1292.041000000000	-23.12	6.5	-3.53	-33.3
127	0	Bob's Burgers/5/Bob's Burgers 0507 Tina Tailor Soldier Spy.mkv	1296.879000000000	-23.19	6.7	-3.59	-33.33
130	0	Bob's Burgers/5/Bob's Burgers 0510 Late Afternoon in the Garden of Bob and Louise.mkv	1294.000000000000	-23.39	6.4	-5.66	-33.55
131	0	Bob's Burgers/5/Bob's Burgers 0511 Can't Buy Me Math.mkv	1296.504000000000	-22.9	7.8	-4.64	-33.08
129	0	Bob's Burgers/5/Bob's Burgers 0509 Speakeasy Rider.mkv	1296.879000000000	-22.2	9.1	-4.24	-32.4
133	0	Bob's Burgers/5/Bob's Burgers 0513 The Gayle Tales.mkv	1291.874000000000	-22.97	7	-4.65	-33.09
134	0	Bob's Burgers/5/Bob's Burgers 0514 L'il Hard Dad.mkv	1286.828000000000	-22.94	7.7	-0.21	-33.15
136	0	Bob's Burgers/5/Bob's Burgers 0516 The Runaway Club.mkv	1291.833000000000	-22.74	8.2	-3.06	-32.86
138	0	Bob's Burgers/5/Bob's Burgers 0518 Eat, Spray, Linda.mkv	1281.572000000000	-22.99	7.4	-4.13	-33.25
137	0	Bob's Burgers/5/Bob's Burgers 0517 The Itty Bitty Ditty Committee.mkv	1296.963000000000	-22.96	7.5	-5.12	-33.09
139	0	Bob's Burgers/5/Bob's Burgers 0519 Housetrap.mkv	1296.713000000000	-23.19	6.6	-3.71	-33.31
142	0	Bob's Burgers/6/Bob's Burgers 0601 Sliding Bobs.mkv	1294.001000000000	-25.34	3.7	-5.79	-35.42
143	0	Bob's Burgers/6/Bob's Burgers 0602 The Land Ship.mkv	1298.005000000000	-25.28	4.5	-5.38	-35.41
144	0	Bob's Burgers/6/Bob's Burgers 0603 The Hauntening.mkv	1277.109000000000	-25	5.2	-5.68	-35.1
145	0	Bob's Burgers/6/Bob's Burgers 0604 Gayle Makin' Bob Sled.mkv	1291.999000000000	-25.37	4.3	-5.38	-35.6
146	0	Bob's Burgers/6/Bob's Burgers 0605 Nice-Capades.mkv	1276.984000000000	-25.28	4.3	-5.62	-35.41
148	0	Bob's Burgers/6/Bob's Burgers 0607 The Gene & Courtney Show.mkv	1292.124000000000	-25.3	3.7	-5.58	-35.45
149	0	Bob's Burgers/6/Bob's Burgers 0608 Sexy Dance Healing.mkv	1286.994000000000	-25.62	4.3	-6.31	-35.75
150	0	Bob's Burgers/6/Bob's Burgers 0609 Sacred Couch.mkv	1297.046000000000	-25.38	4.5	-5.96	-35.52
152	0	Bob's Burgers/6/Bob's Burgers 0611 House of 1000 Bounces.mkv	1280.967000000000	-25.47	4.6	-5.9	-35.59
154	0	Bob's Burgers/6/Bob's Burgers 0613 Wag the Hog.mkv	1271.872000000000	-25.5	4.5	-5.88	-35.58
160	0	Bob's Burgers/6/Bob's Burgers 0619 Glued, Where's My Bob.mp4	1293.379778000000	-18.78	6.4	0.07	-28.89
155	0	Bob's Burgers/6/Bob's Burgers 0614 The Hormone-iums.mkv	1297.046000000000	-25	4.7	-6.33	-35.13
165	0	Bob's Burgers/7/Bob's Burgers 0705 Large Brother, Where Fart Thou.mp4	1298.560000000000	-25.01	7.1	-5.18	-35.27
157	0	Bob's Burgers/6/Bob's Burgers 0616 Bye Bye Boo Boo.mkv	1294.983000000000	-25.29	3.7	-5.88	-35.38
161	0	Bob's Burgers/7/Bob's Burgers 0701 Flu-ouise.mp4	1322.450556000000	-20.24	6.2	-2.04	-30.38
158	0	Bob's Burgers/6/Bob's Burgers 0617 The Horse Rider-er.mkv	1295.985000000000	-25.21	4.4	-5.37	-35.42
166	0	Bob's Burgers/7/Bob's Burgers 0706 The Quirk-ducers.mp4	1293.504000000000	-24.43	5.7	-4.5	-34.55
147	0	Bob's Burgers/6/Bob's Burgers 0606 The Cook, the Steve, the Gayle, & Her Lover.mkv	1287.047000000000	-25.31	4.1	-5.57	-35.41
98	0	Bob's Burgers/3/Bob's Burgers 0323 The Unnatural.mkv	1292.123750000000	-24.87	6.4	-3.24	-34.98
283	0	Malcolm in the Middle/4/Malcolm in the Middle 0418 Reese's Party.mkv	1317.149125000000	-25.62	15.4	-0.97	-37.01
185	0	Bob's Burgers/8/Bob's Burgers 0803 The Wolf of Wharf Street.mkv	1295.424000000000	-26.36	6.4	-9.13	-36.58
191	0	Bob's Burgers/8/Bob's Burgers 0810 The Secret Ceramics Room of Secrets.mkv	1291.456000000000	-26.15	7.4	-7.43	-36.46
203	0	Malcolm in the Middle/1/Malcolm in the Middle 0101 Pilot.mkv	1352.317625000000	-25.27	13.3	-4.04	-36.57
204	0	Malcolm in the Middle/1/Malcolm in the Middle 0102 Red Dress.mkv	1330.963000000000	-29.5	12.5	-9.12	-40.76
179	0	Bob's Burgers/7/Bob's Burgers 0719 Thelma & Louise Except Thelma is Linda.mp4	1298.560000000000	-24.26	5.5	-4.93	-34.39
178	0	Bob's Burgers/7/Bob's Burgers 0718 The Laser-inth.mp4	1293.547000000000	-24.1	8.2	-2.78	-34.24
170	0	Bob's Burgers/7/Bob's Burgers 0710 There's No Business Like Mr Business Business.mp4	1277.989378000000	-24.69	5.3	-5.6	-34.83
174	0	Bob's Burgers/7/Bob's Burgers 0714 Aquaticism.mp4	1296.555000000000	-24.9	4.1	-5.7	-35
173	0	Bob's Burgers/7/Bob's Burgers 0713 The Grand Mama-pest Hotel.mp4	1298.603000000000	-24.78	5.6	-4.64	-34.9
177	0	Bob's Burgers/7/Bob's Burgers 0717 Zero Larp Thirty.mp4	1298.603000000000	-23.98	4.8	-3.36	-34.11
176	0	Bob's Burgers/7/Bob's Burgers 0716 Eggs for Days.mp4	1297.600000000000	-23.93	6.5	-4.1	-34.08
195	0	Bob's Burgers/8/Bob's Burgers 0814 The Trouble with Doubles.mkv	1286.368000000000	-25.5	9	-7.38	-35.83
180	0	Bob's Burgers/7/Bob's Burgers 0720 Mom, Lies, and Videotape.mp4	1283.584000000000	-22.77	5.7	-4.78	-32.86
182	0	Bob's Burgers/7/Bob's Burgers 0722 Into the Mild.mp4	1298.042000000000	-22.34	6.5	-5.26	-32.55
183	0	Bob's Burgers/8/Bob's Burgers 0801 Brunchsquatch.mkv	1298.592000000000	-26.6	7.9	-7.75	-36.86
190	0	Bob's Burgers/8/Bob's Burgers 0809 Y Tu Ga-Ga Tambien.mkv	1293.568000000000	-26.3	8.6	-8.96	-36.63
193	0	Bob's Burgers/8/Bob's Burgers 0812 The Hurt Soccer.mkv	1291.296000000000	-26.05	9.2	-8.36	-36.42
194	0	Bob's Burgers/8/Bob's Burgers 0813 Cheer Up, Sleepy Gene.mkv	1286.592000000000	-26.38	8.5	-7.2	-36.73
197	0	Bob's Burgers/8/Bob's Burgers 0816 Are You There Bob It's Me, Birthday.mkv	1293.632000000000	-26.15	8.1	-7.96	-36.48
200	0	Bob's Burgers/8/Bob's Burgers 0819 Mo Mommy Mo Problems.mkv	1293.216000000000	-25.57	9	-6.37	-35.85
206	0	Malcolm in the Middle/1/Malcolm in the Middle 0104 Shame.mkv	1350.449125000000	-23.61	8.2	-5.07	-34.43
208	0	Malcolm in the Middle/1/Malcolm in the Middle 0106 Sleepover.mkv	1353.986000000000	-28.54	9.4	-10.98	-39.74
207	0	Malcolm in the Middle/1/Malcolm in the Middle 0105 Malcolm Babysits.mkv	1355.921250000000	-28.4	10.2	-9.75	-39.47
209	0	Malcolm in the Middle/1/Malcolm in the Middle 0107 Francis Escapes.mkv	1354.920250000000	-28.11	10.1	-9.96	-39.41
211	0	Malcolm in the Middle/1/Malcolm in the Middle 0109 Lois vs. Evil.mkv	1355.921250000000	-29.62	12.5	-10.36	-40.83
202	0	Bob's Burgers/8/Bob's Burgers 0821 Something Old, Something New, Something Bob Caters for You.mkv	1293.216000000000	-25.01	8.4	-7.21	-35.27
187	0	Bob's Burgers/8/Bob's Burgers 0805 Thanks-hoarding.mkv	1276.320000000000	-26.51	6.1	-8.03	-36.72
213	0	Malcolm in the Middle/1/Malcolm in the Middle 0111 Funeral.mkv	1352.918250000000	-27.71	7.3	-10.11	-38.57
212	0	Malcolm in the Middle/1/Malcolm in the Middle 0110 Stock Car Races.mkv	1355.921250000000	-27.68	8.6	-10.68	-38.38
216	0	Malcolm in the Middle/1/Malcolm in the Middle 0114 The Bots and the Bees.mkv	1354.920250000000	-28.19	8.6	-9.04	-39.11
219	0	Malcolm in the Middle/2/Malcolm in the Middle 0201 Traffic Jam.mkv	1332.297625000000	-25.28	12	-6.66	-36.41
218	0	Malcolm in the Middle/1/Malcolm in the Middle 0116 Water Park.mkv	1353.986000000000	-27.61	7.5	-9.7	-38.35
220	0	Malcolm in the Middle/2/Malcolm in the Middle 0202 Halloween Approximately.mkv	1334.599875000000	-24.11	12.9	-4.44	-35.27
221	0	Malcolm in the Middle/2/Malcolm in the Middle 0203 Lois's Birthday.mkv	1298.263625000000	-25.02	12.2	-5.32	-36.16
225	0	Malcolm in the Middle/2/Malcolm in the Middle 0207 Robbery.mkv	1334.800125000000	-24.02	14.4	-5.41	-35.36
222	0	Malcolm in the Middle/2/Malcolm in the Middle 0204 Dinner Out.mkv	1337.302625000000	-24.63	12.6	-5.46	-36.18
226	0	Malcolm in the Middle/2/Malcolm in the Middle 0208 Therapy.mkv	1337.636250000000	-25.76	11.6	-3.22	-37.09
229	0	Malcolm in the Middle/2/Malcolm in the Middle 0211 Old Mrs. Old.mkv	1327.426125000000	-24.04	11.5	-3.02	-35.3
228	0	Malcolm in the Middle/2/Malcolm in the Middle 0210 The Bully.mkv	1336.301625000000	-23.5	13.6	-8.42	-34.58
230	0	Malcolm in the Middle/2/Malcolm in the Middle 0212 Krelboyne Girl.mkv	1337.302625000000	-25.7	12	-6.29	-37.08
232	0	Malcolm in the Middle/2/Malcolm in the Middle 0214 Hal Quits.mkv	1337.302625000000	-24.6	11.3	-3.84	-35.92
234	0	Malcolm in the Middle/2/Malcolm in the Middle 0216 Traffic Ticket.mkv	1336.501875000000	-25.05	13.1	-6.42	-36.36
233	0	Malcolm in the Middle/2/Malcolm in the Middle 0215 The Grandparents.mkv	1334.299625000000	-25.96	10.9	-5.16	-37
236	0	Malcolm in the Middle/2/Malcolm in the Middle 0218 Reese Cooks.mkv	1336.301625000000	-24.33	10.4	-5.84	-35.42
237	0	Malcolm in the Middle/2/Malcolm in the Middle 0219 Tutoring Reese.mkv	1332.464500000000	-23.66	10.9	-6.26	-34.83
238	0	Malcolm in the Middle/2/Malcolm in the Middle 0220 Bowling.mkv	1333.165125000000	-24.39	12.6	-6.02	-35.52
184	0	Bob's Burgers/8/Bob's Burgers 0802 The Silence of the Louise.mkv	1296.629000000000	-26.48	6.3	-8.4	-36.73
273	0	Malcolm in the Middle/4/Malcolm in the Middle 0408 Boys at the Ranch.mkv	1314.313000000000	-23.68	13	-2.24	-35
274	0	Malcolm in the Middle/4/Malcolm in the Middle 0409 Grandma Sues.mkv	1282.848250000000	-25.24	13.6	-4.18	-36.72
271	0	Malcolm in the Middle/4/Malcolm in the Middle 0406 Forbidden Girlfriend.mkv	1314.479875000000	-27.13	12.9	-3.38	-38.38
275	0	Malcolm in the Middle/4/Malcolm in the Middle 0410 If Boys Were Girls.mkv	1316.148125000000	-24.11	10.9	-2.47	-35.01
276	0	Malcolm in the Middle/4/Malcolm in the Middle 0411 Long Drive.mkv	1316.815500000000	-23.33	13	-0.87	-34.45
278	0	Malcolm in the Middle/4/Malcolm in the Middle 0413 Stereo Store.mkv	1315.480875000000	-24.19	13.8	-1.92	-35.66
281	0	Malcolm in the Middle/4/Malcolm in the Middle 0416 Academic Octathlon.mkv	1316.481875000000	-24.97	13.9	-3.09	-36.37
282	0	Malcolm in the Middle/4/Malcolm in the Middle 0417 Clip Show #2.mkv	1316.815500000000	-22.35	13.3	-2.85	-33.36
285	0	Malcolm in the Middle/4/Malcolm in the Middle 0420 Baby Part 1.mkv	1352.184125000000	-25.69	11.5	-2.84	-36.9
284	0	Malcolm in the Middle/4/Malcolm in the Middle 0419 Future Malcolm.mkv	1316.815500000000	-26.52	12	-2.27	-37.84
287	0	Malcolm in the Middle/4/Malcolm in the Middle 0422 Day Care.mkv	1289.354750000000	-25.61	13.4	-0.74	-36.92
289	0	Malcolm in the Middle/5/Malcolm in the Middle 0502 Watching the Baby.mkv	1316.782125000000	-23.58	14.7	-2.81	-34.83
288	0	Malcolm in the Middle/5/Malcolm in the Middle 0501 Vegas.mkv	1348.413750000000	-23.36	13.2	-7.23	-34.53
291	0	Malcolm in the Middle/5/Malcolm in the Middle 0504 Thanksgiving.mkv	1321.453500000000	-25.7	15.8	-6.75	-37.46
243	0	Malcolm in the Middle/2/Malcolm in the Middle 0225 Flashback.mkv	1334.499875000000	-23.52	10.3	-5.32	-34.48
242	0	Malcolm in the Middle/2/Malcolm in the Middle 0224 Evacuation.mkv	1327.693000000000	-24.33	9.2	-4.89	-35.35
244	0	Malcolm in the Middle/3/Malcolm in the Middle 0301 Houseboat.mkv	1331.196500000000	-25.6	12.9	-4.89	-36.98
246	0	Malcolm in the Middle/3/Malcolm in the Middle 0303 Book Club.mkv	1321.320000000000	-24.83	10.1	-7.51	-35.73
248	0	Malcolm in the Middle/3/Malcolm in the Middle 0305 Charity.mkv	1328.894250000000	-25.7	12.2	-5.18	-36.93
249	0	Malcolm in the Middle/3/Malcolm in the Middle 0306 Health Scare.mkv	1327.492875000000	-25.53	13.2	-5.78	-36.86
254	0	Malcolm in the Middle/3/Malcolm in the Middle 0311 Company Picnic Part 1.mkv	1297.162500000000	-25.5	9.6	-6.83	-36.33
255	0	Malcolm in the Middle/3/Malcolm in the Middle 0312 Company Picnic Part 2.mkv	1327.626250000000	-23.57	9.7	-1.71	-34.3
257	0	Malcolm in the Middle/3/Malcolm in the Middle 0314 Cynthia's Back.mkv	1326.925625000000	-25.08	8.6	-4.41	-36.03
256	0	Malcolm in the Middle/3/Malcolm in the Middle 0313 Reese Drives.mkv	1328.226875000000	-24.95	9	-4.97	-35.75
258	0	Malcolm in the Middle/3/Malcolm in the Middle 0315 Hal's Birthday.mkv	1293.558875000000	-25.64	10.8	-7.04	-36.96
260	0	Malcolm in the Middle/3/Malcolm in the Middle 0317 Dewey's Dog.mkv	1327.559625000000	-24.98	9.4	-8.17	-35.86
261	0	Malcolm in the Middle/3/Malcolm in the Middle 0318 Poker #2.mkv	1328.060125000000	-25.14	10.4	-8.35	-36.17
263	0	Malcolm in the Middle/3/Malcolm in the Middle 0320 Jury Duty.mkv	1326.558625000000	-23.86	7.3	-3.53	-34.52
265	0	Malcolm in the Middle/3/Malcolm in the Middle 0322 Monkey.mkv	1327.059125000000	-25.47	11.5	-0.13	-36.58
268	0	Malcolm in the Middle/4/Malcolm in the Middle 0403 Family Reunion.mkv	1314.212875000000	-24.01	14.8	-2.38	-35.29
266	0	Malcolm in the Middle/4/Malcolm in the Middle 0401 Zoo.mkv	1314.713375000000	-26.39	10.7	-3.01	-37.48
269	0	Malcolm in the Middle/4/Malcolm in the Middle 0404 Stupid Girl.mkv	1314.813500000000	-25.44	13.3	-0.45	-36.68
270	0	Malcolm in the Middle/4/Malcolm in the Middle 0405 Forwards Backwards.mkv	1315.647625000000	-25.07	13.2	-2.34	-36.31
292	0	Malcolm in the Middle/5/Malcolm in the Middle 0505 Malcolm Films Reese.mkv	1299.765125000000	-25.81	12.8	-3.12	-37.28
295	0	Malcolm in the Middle/5/Malcolm in the Middle 0508 Block Party.mkv	1318.450500000000	-23.16	11.8	-8.04	-34.1
299	0	Malcolm in the Middle/5/Malcolm in the Middle 0512 Softball.mkv	1315.447500000000	-24.66	14.5	-8.5	-36.12
297	0	Malcolm in the Middle/5/Malcolm in the Middle 0510 Hot Tub.mkv	1316.448500000000	-24.93	13	-8.19	-36.17
296	0	Malcolm in the Middle/5/Malcolm in the Middle 0509 Dirty Magazine.mkv	1316.949000000000	-25.9	11.6	-3.37	-37.23
298	0	Malcolm in the Middle/5/Malcolm in the Middle 0511 Ida's Boyfriend.mkv	1313.445500000000	-26.81	12.2	-8.91	-38.32
301	0	Malcolm in the Middle/5/Malcolm in the Middle 0514 Malcolm Dates a Family.mkv	1318.450500000000	-26.79	12.2	-5.19	-38.24
303	0	Malcolm in the Middle/5/Malcolm in the Middle 0516 Malcolm Visits College.mkv	1318.450500000000	-24.49	14.8	-9.04	-35.93
304	0	Malcolm in the Middle/5/Malcolm in the Middle 0517 Polly in the Middle.mkv	1316.281625000000	-24.98	11.3	-2.8	-36.15
305	0	Malcolm in the Middle/5/Malcolm in the Middle 0518 Dewey's Special Class.mkv	1316.448500000000	-25	16.5	-5.99	-36.54
306	0	Malcolm in the Middle/5/Malcolm in the Middle 0519 Experiment.mkv	1305.437500000000	-27.31	14.4	-7.17	-38.94
308	0	Malcolm in the Middle/5/Malcolm in the Middle 0521 Reese Joins the Army Part 1.mkv	1316.949000000000	-25.53	15.2	-3.08	-36.98
241	0	Malcolm in the Middle/2/Malcolm in the Middle 0223 Carnival.mkv	1333.098375000000	-23.77	11.7	-4.75	-34.88
286	0	Malcolm in the Middle/4/Malcolm in the Middle 0421 Baby Part 2.mkv	1326.325000000000	-25	12.6	-2.82	-36.27
290	0	Malcolm in the Middle/5/Malcolm in the Middle 0503 Goodbye Kitty.mkv	1316.448500000000	-25.09	12.9	-8.15	-36.49
164	0	Bob's Burgers/7/Bob's Burgers 0704 They Serve Horses, Don't They.mp4	1295.044000000000	-25.26	5.2	-4.78	-35.42
168	0	Bob's Burgers/7/Bob's Burgers 0708 Ex MachTina.mp4	1298.539000000000	-24.85	6.3	-5.5	-35.06
169	0	Bob's Burgers/7/Bob's Burgers 0709 Bob Actually.mp4	1298.426500000000	-24	4.7	-4.69	-34.14
309	0	Malcolm in the Middle/5/Malcolm in the Middle 0522 Reese Joins the Army Part 2.mkv	1317.449500000000	-23.67	15.1	-8.21	-35.18
311	0	Malcolm in the Middle/6/Malcolm in the Middle 0602 Buseys Run Away.mkv	1317.449500000000	-23.42	15.6	-8.16	-35.07
312	0	Malcolm in the Middle/6/Malcolm in the Middle 0603 Standee.mkv	1318.450500000000	-25.26	16.6	-7.29	-36.91
313	0	Malcolm in the Middle/6/Malcolm in the Middle 0604 Pearl Harbor.mkv	1345.410750000000	-23.83	14.5	-7.71	-35.39
315	0	Malcolm in the Middle/6/Malcolm in the Middle 0606 Hal's Christmas Gift.mkv	1316.448500000000	-22.36	15.6	-8.26	-33.87
316	0	Malcolm in the Middle/6/Malcolm in the Middle 0607 Hal Sleepwalks.mkv	1317.449500000000	-22.54	14.2	-8.36	-33.91
318	0	Malcolm in the Middle/6/Malcolm in the Middle 0609 Malcolm's Car.mkv	1315.447500000000	-24.93	11.1	-9.18	-36.01
320	0	Malcolm in the Middle/6/Malcolm in the Middle 0611 Dewey's Opera.mkv	1344.409750000000	-22.47	15.2	-8.77	-33.85
322	0	Malcolm in the Middle/6/Malcolm in the Middle 0613 Tiki Lounge.mkv	1315.447500000000	-23.95	13.3	-10	-35.34
323	0	Malcolm in the Middle/6/Malcolm in the Middle 0614 Ida Loses a Leg.mkv	1318.450500000000	-23.74	15.4	-9.9	-35.28
326	0	Malcolm in the Middle/6/Malcolm in the Middle 0617 Butterflies.mkv	1309.441500000000	-26.05	11.9	-9.61	-37.41
325	0	Malcolm in the Middle/6/Malcolm in the Middle 0616 No Motorcycles.mkv	1316.448500000000	-24.03	12.3	-10.14	-35.42
329	0	Malcolm in the Middle/6/Malcolm in the Middle 0620 Stilts.mkv	1367.332625000000	-24.59	12.6	-10.58	-35.86
328	0	Malcolm in the Middle/6/Malcolm in the Middle 0619 Motivational Speaker.mkv	1316.448500000000	-25.06	14.6	-9.68	-36.8
332	0	Malcolm in the Middle/7/Malcolm in the Middle 0701 Burning Man.mkv	1317.716375000000	-24.54	7.8	-3.76	-35.08
333	0	Malcolm in the Middle/7/Malcolm in the Middle 0702 Health Insurance.mkv	1296.695375000000	-25.59	9.3	-2.84	-36.46
335	0	Malcolm in the Middle/7/Malcolm in the Middle 0704 Halloween.mkv	1321.720375000000	-24.92	9.7	-6.63	-35.8
331	0	Malcolm in the Middle/6/Malcolm in the Middle 0622 Mrs. Tri-County.mkv	1348.413750000000	-23.46	12.2	-11.53	-34.73
338	0	Malcolm in the Middle/7/Malcolm in the Middle 0707 Blackout.mkv	1352.751375000000	-25.77	8.7	-6.15	-36.45
337	0	Malcolm in the Middle/7/Malcolm in the Middle 0706 Secret Boyfriend.mkv	1322.721375000000	-25.11	8	-7.59	-35.96
339	0	Malcolm in the Middle/7/Malcolm in the Middle 0708 Army Buddy.mkv	1321.720375000000	-25.32	8.3	-6.01	-36.39
341	0	Malcolm in the Middle/7/Malcolm in the Middle 0710 Malcolm's Money.mkv	1315.714375000000	-25.1	9.8	-7.15	-36.16
344	0	Malcolm in the Middle/7/Malcolm in the Middle 0713 Mono.mkv	1323.722375000000	-25.55	11.4	-7.08	-36.87
345	0	Malcolm in the Middle/7/Malcolm in the Middle 0714 Hal Grieves.mkv	1352.751375000000	-24.99	9.6	-6.6	-35.99
342	0	Malcolm in the Middle/7/Malcolm in the Middle 0711 Bride of Ida.mkv	1351.750375000000	-25.2	9.9	-6.9	-36.27
346	0	Malcolm in the Middle/7/Malcolm in the Middle 0715 A.A..mkv	1320.719375000000	-25.38	8.7	-7.37	-36.42
350	0	Malcolm in the Middle/7/Malcolm in the Middle 0719 Stevie in the Hospital.mkv	1324.723375000000	-25.4	11.1	-5.37	-36.53
347	0	Malcolm in the Middle/7/Malcolm in the Middle 0716 Lois Strikes Back.mkv	1321.720375000000	-24.85	10.3	-7.03	-35.91
349	0	Malcolm in the Middle/7/Malcolm in the Middle 0718 Bomb Shelter.mkv	1324.723375000000	-24.55	9.5	-5.16	-35.3
351	0	Malcolm in the Middle/7/Malcolm in the Middle 0720 Cattle Court.mkv	1322.721375000000	-24.93	9.6	-7.38	-35.77
352	0	Malcolm in the Middle/7/Malcolm in the Middle 0721 Morp.mkv	1323.722375000000	-24.92	7.2	-6.46	-35.66
171	0	Bob's Burgers/7/Bob's Burgers 0711 A Few 'Gurt Men.mp4	1298.475000000000	-25.31	4.5	-4.85	-35.43
181	0	Bob's Burgers/7/Bob's Burgers 0721 Paraders of the Lost Float.mp4	1278.027000000000	-22.37	6	-5.05	-32.47
214	0	Malcolm in the Middle/1/Malcolm in the Middle 0112 Cheerleader.mkv	1355.921250000000	-28.61	9	-9.31	-39.64
240	0	Malcolm in the Middle/2/Malcolm in the Middle 0222 Mini-Bike.mkv	1334.466500000000	-24.6	12.6	-5.53	-35.99
250	0	Malcolm in the Middle/3/Malcolm in the Middle 0307 Christmas.mkv	1329.094375000000	-25.66	12.7	-7.41	-37.16
253	0	Malcolm in the Middle/3/Malcolm in the Middle 0310 Lois's Makeover.mkv	1327.292625000000	-25.37	12.4	-6.72	-36.59
280	0	Malcolm in the Middle/4/Malcolm in the Middle 0415 Garage Sale.mkv	1317.482875000000	-25.89	11.5	-2.53	-36.85
262	0	Malcolm in the Middle/3/Malcolm in the Middle 0319 Clip Show.mkv	1329.328000000000	-25.3	11.8	-6.28	-36.47
198	0	Bob's Burgers/8/Bob's Burgers 0817 Boywatch.mkv	1295.456000000000	-26.53	9.2	-8.19	-36.84
196	0	Bob's Burgers/8/Bob's Burgers 0815 Go Tina on the Mountain.mkv	1296.576000000000	-26.08	7.7	-7.94	-36.39
294	0	Malcolm in the Middle/5/Malcolm in the Middle 0507 Christmas Trees.mkv	1303.435500000000	-23.79	12.3	-7.77	-34.83
293	0	Malcolm in the Middle/5/Malcolm in the Middle 0506 Malcolm's Job.mkv	1293.425500000000	-25.51	12.9	-8.65	-36.76
300	0	Malcolm in the Middle/5/Malcolm in the Middle 0513 Lois's Sister.mkv	1317.449500000000	-25.6	14.3	-4.03	-37.01
302	0	Malcolm in the Middle/5/Malcolm in the Middle 0515 Reese's Apartment.mkv	1317.282625000000	-26.55	13.1	-4.93	-38.04
307	0	Malcolm in the Middle/5/Malcolm in the Middle 0520 Victor's Other Family.mkv	1346.645250000000	-25.86	13	-5.33	-37.26
163	0	Bob's Burgers/7/Bob's Burgers 0703 Teen-a Witch.mp4	1298.560000000000	-24.47	5.6	-4.48	-34.58
162	0	Bob's Burgers/7/Bob's Burgers 0702 Sea Me Now.mp4	1293.568000000000	-19.05	4.9	1.85	-29.17
172	0	Bob's Burgers/7/Bob's Burgers 0712 Like Gene for Chocolate.mp4	1296.939000000000	-25.27	5.9	-4.68	-35.44
224	0	Malcolm in the Middle/2/Malcolm in the Middle 0206 Convention.mkv	1336.301625000000	-25.64	11.7	-6.88	-37.02
252	0	Malcolm in the Middle/3/Malcolm in the Middle 0309 Reese's Job.mkv	1326.525250000000	-25.42	9	-5.62	-36.32
279	0	Malcolm in the Middle/4/Malcolm in the Middle 0414 Hal's Friend.mkv	1316.815500000000	-24.12	11	-1.73	-35.15
310	0	Malcolm in the Middle/6/Malcolm in the Middle 0601 Reese Comes Home.mkv	1303.435500000000	-23.21	13.2	-7.56	-34.63
314	0	Malcolm in the Middle/6/Malcolm in the Middle 0605 Kitty's Back.mkv	1316.448500000000	-24.2	14.1	-7.77	-35.78
319	0	Malcolm in the Middle/6/Malcolm in the Middle 0610 Billboard.mkv	1318.450500000000	-23.6	10.6	-10.15	-34.63
324	0	Malcolm in the Middle/6/Malcolm in the Middle 0615 Chad's Sleepover.mkv	1316.448500000000	-24.07	14.7	-8.99	-35.75
327	0	Malcolm in the Middle/6/Malcolm in the Middle 0618 Ida's Dance.mkv	1318.450500000000	-25.16	13.1	-9.85	-36.6
330	0	Malcolm in the Middle/6/Malcolm in the Middle 0621 Buseys Take a Hostage.mkv	1317.449500000000	-25.88	12.9	-10.23	-37.35
336	0	Malcolm in the Middle/7/Malcolm in the Middle 0705 Jessica Stays Over.mkv	1322.721375000000	-25.06	9.4	-6.65	-36.02
340	0	Malcolm in the Middle/7/Malcolm in the Middle 0709 Malcolm Defends Reese.mkv	1323.722375000000	-25.85	9.1	-7.9	-36.78
343	0	Malcolm in the Middle/7/Malcolm in the Middle 0712 College Recruiters.mkv	1321.720375000000	-25.19	8.6	-6.18	-36.34
348	0	Malcolm in the Middle/7/Malcolm in the Middle 0717 Hal's Dentist.mkv	1288.687375000000	-24.9	8.8	-6.08	-35.93
317	0	Malcolm in the Middle/6/Malcolm in the Middle 0608 Lois Battles Jamie.mkv	1315.447500000000	-23.33	15.3	-7.87	-34.94
321	0	Malcolm in the Middle/6/Malcolm in the Middle 0612 Living Will.mkv	1317.449500000000	-24.11	11.5	-10.28	-35.49
376	0	3rd Rock from the Sun/2/3rd Rock from the Sun 203 Hotel Dick.mkv	1272.896000000000	-24.75	9.5	-4.57	-35.56
381	0	3rd Rock from the Sun/2/3rd Rock from the Sun 208 World's Greatest Dick.mkv	1275.050000000000	-24.41	8.6	-4.63	-35.03
377	0	3rd Rock from the Sun/2/3rd Rock from the Sun 204 Big Angry Virgin from Outer Space.mkv	1262.613000000000	-24.27	10	-3.85	-35.14
380	0	3rd Rock from the Sun/2/3rd Rock from the Sun 207 Fourth and Dick.mkv	1279.381000000000	-24.99	7.9	-8.07	-35.48
382	0	3rd Rock from the Sun/2/3rd Rock from the Sun 209 My Mother the Alien.mkv	1277.781000000000	-23	9.4	-3.03	-33.63
407	0	3rd Rock from the Sun/3/3rd Rock from the Sun 306 Moby Dick.mkv	1277.973000000000	-24.66	9.4	-5.68	-35.48
383	0	3rd Rock from the Sun/2/3rd Rock from the Sun 210 Gobble, Gobble, Dick, Dick.mkv	1276.970000000000	-23.79	9.8	-4	-34.59
378	0	3rd Rock from the Sun/2/3rd Rock from the Sun 205 Much Ado About Dick.mkv	1275.925000000000	-24.98	10.2	-5.27	-35.84
384	0	3rd Rock from the Sun/2/3rd Rock from the Sun 211 Dick Jokes.mkv	1277.930000000000	-23.38	8.6	-5.92	-34.07
395	0	3rd Rock from the Sun/2/3rd Rock from the Sun 222 Will Work for Dick.mkv	1275.370000000000	-23.6	9	-5.47	-34.33
389	0	3rd Rock from the Sun/2/3rd Rock from the Sun 216 Dick on One Knee.mkv	1277.973000000000	-23.59	9.5	-6.49	-34.21
386	0	3rd Rock from the Sun/2/3rd Rock from the Sun 213 Proud Dick.mkv	1275.882000000000	-23.28	7.7	-3.06	-33.9
390	0	3rd Rock from the Sun/2/3rd Rock from the Sun 217 Same Old Song and Dick.mkv	1277.098000000000	-23.74	8.7	-5.99	-34.44
397	0	3rd Rock from the Sun/2/3rd Rock from the Sun 224 Dick and the Single Girl.mkv	1275.178000000000	-23.61	10.6	-4.61	-34.5
388	0	3rd Rock from the Sun/2/3rd Rock from the Sun 215 Guilty as Dick.mkv	1276.138000000000	-24.19	9.2	-4.53	-34.89
391	0	3rd Rock from the Sun/2/3rd Rock from the Sun 218 I Brake for Dick.mkv	1275.136000000000	-23.81	8.1	-4.7	-34.43
403	0	3rd Rock from the Sun/3/3rd Rock from the Sun 302 Fun with Dick and Janet (Part 2).mkv	1275.925000000000	-24.44	7.7	-5.28	-35.14
393	0	3rd Rock from the Sun/2/3rd Rock from the Sun 220 Dickmalion.mkv	1270.698000000000	-24.29	8.7	-5.34	-34.87
394	0	3rd Rock from the Sun/2/3rd Rock from the Sun 221 Sensitive Dick.mkv	1275.925000000000	-23.53	8.7	-3.03	-34.23
404	0	3rd Rock from the Sun/3/3rd Rock from the Sun 303 Tricky Dick.mkv	1276.928000000000	-23.15	7.5	-4.66	-33.78
406	0	3rd Rock from the Sun/3/3rd Rock from the Sun 305 Scaredy Dick.mkv	1279.125000000000	-23.82	9	-4.39	-34.53
399	0	3rd Rock from the Sun/2/3rd Rock from the Sun 225 A Nightmare on Dick Street (Part 1).mkv	1277.973000000000	-25.52	10.1	-3.89	-36.14
398	0	3rd Rock from the Sun/2/3rd Rock from the Sun 225 A Nightmare on Dick Street (Part 1) 3D Version.mkv	1494.058000000000	-25.04	10.1	-4.53	-35.69
400	0	3rd Rock from the Sun/2/3rd Rock from the Sun 226 A Nightmare on Dick Street (Part 2) 3D Version.mkv	1501.205000000000	-23.53	10.4	-5.54	-34.17
405	0	3rd Rock from the Sun/3/3rd Rock from the Sun 304 Dick-In-Law.mkv	1275.925000000000	-23.21	7.4	-5.01	-33.82
21	0	Commercials/N64/Extreme-G/Extreme-G Beta Trailer.mp4	18.970000000000	-8.74	1.3	1.04	-18.79
22	0	Commercials/N64/Goldeneye/Goldeneye 007 Promotional Trailer.mp4	30.510000000000	-14.1	3	-0.08	-24.56
19	0	Commercials/N64/Diddy Kong Racing/Diddy Kong Racing Meet the Fastest Monkey in the Jungle.mp4	49.851667000000	-15.05	2.1	0.1	-25.23
26	0	Commercials/N64/Perfect Dark/Perfect Dark Commercial Full.mkv	60.021000000000	-18.65	9.4	-2.26	-29.02
33	0	Commercials/N64/Turok Dinosaur Hunter/Turok Dinosaur Hunter German Commercial.mp4	76.160000000000	-11.43	3.4	1.26	-21.58
14	0	Commercials/N64/Banjo-Kazooie/Banjo-Kazooie Nintendo 64 Fruit by the Foot.mp4	30.603333000000	-12.74	2.7	2.39	-22.81
1	1	Bob's Burgers/1/Bob's Burgers 0101 Human Flesh.mkv	1291.164750000000	-20.15	7.1	-2.83	-30.56
5	1	Bob's Burgers/1/Bob's Burgers 0105 Hamburger Dinner Theater.mkv	1276.441750000000	-24.4	6.4	-6.96	-34.69
9	1	Bob's Burgers/1/Bob's Burgers 0109 Spaghetti Western and Meatballs.mkv	1300.173750000000	-23.47	7.3	-6.54	-33.77
40	0	Commercials/PS1/Resident Evil 2/Biohazard 2 Promotional Trailer.mp4	113.151000000000	-16.97	6	0.05	-27.47
45	0	Commercials/PS2/Grand Theft Auto Vice City/Grand Theft Auto Vice City Trailer Flock of Seagulls.mp4	60.000000000000	-21.98	3.6	-11.47	-32.43
50	0	Commercials/Gamecube/Resident Evil (Remake)/Resident Evil (Remake) Commercial.mp4	32.265000000000	-7.75	1.3	0.19	-18.03
53	0	Commercials/Gamecube/Resident Evil 0/Resident Evil 0 Promo.mp4	134.071667000000	-10.35	15.8	-1.92	-21.79
56	0	Commercials/SNES/Donkey Kong Country/Donkey Kong Country Commercial.mp4	60.580000000000	-12.97	6.1	0.31	-23.13
61	0	Commercials/Dreamcast/Half-Life/Half-Life Unreleased Commercial.mp4	45.741667000000	-23.38	6.2	-5.02	-33.71
11	1	Bob's Burgers/1/Bob's Burgers 0111 Weekend at Mort's.mkv	1276.608750000000	-23.56	7.3	-5.15	-33.82
122	0	Bob's Burgers/5/Bob's Burgers 0502 Tina and the Real Ghost.mkv	1295.044000000000	-23.6	5.8	-5.84	-33.85
104	0	Bob's Burgers/4/Bob's Burgers 0406 Purple Rain-Union.mkv	1289.408000000000	-25.03	5.3	-8.18	-35.15
107	0	Bob's Burgers/4/Bob's Burgers 0409 Slumber Party.mkv	1290.808000000000	-25.39	4.5	-7.25	-35.5
111	0	Bob's Burgers/4/Bob's Burgers 0413 Mazel-Tina.mkv	1289.705000000000	-22.56	2.4	-3.95	-32.61
114	0	Bob's Burgers/4/Bob's Burgers 0416 I Get Psy-chic Out of You.mkv	1285.504000000000	-24.25	2.1	-4.63	-34.33
117	0	Bob's Burgers/4/Bob's Burgers 0419 The Kids Run Away.mkv	1286.304000000000	-25.3	4.7	-7.64	-35.42
120	0	Bob's Burgers/4/Bob's Burgers 0422 World Wharf II The Wharfening (or How Bob Saves Destroys the Town - Part II).mkv	1291.264000000000	-22.79	5.6	-5.26	-32.94
128	0	Bob's Burgers/5/Bob's Burgers 0508 Midday Run.mkv	1281.948000000000	-23.01	7.3	-4.34	-33.2
132	0	Bob's Burgers/5/Bob's Burgers 0512 The Millie-Churian Candidate.mkv	1296.921000000000	-23.05	7.6	-4.1	-33.23
135	0	Bob's Burgers/5/Bob's Burgers 0515 Adventures In Chinchilla Sitting.mkv	1281.864000000000	-23.12	6.9	-4.4	-33.28
140	0	Bob's Burgers/5/Bob's Burgers 0520 Hawk & Chick.mkv	1286.729000000000	-23.13	7.4	-2.06	-33.4
141	0	Bob's Burgers/5/Bob's Burgers 0521 The Oeder Games.mkv	1296.754000000000	-23.19	7.1	-3.22	-33.35
153	0	Bob's Burgers/6/Bob's Burgers 0612 Stand by Gene.mkv	1297.012000000000	-25.11	3.8	-5.85	-35.23
151	0	Bob's Burgers/6/Bob's Burgers 0610 Lice Things Are Lice.mkv	1297.046000000000	-25.49	3.4	-5.36	-35.59
159	0	Bob's Burgers/6/Bob's Burgers 0618 Secret Admiral-irer.mp4	1297.926000000000	-20.11	5.9	-1.09	-30.27
156	0	Bob's Burgers/6/Bob's Burgers 0615 Pro Tiki Con Tiki.mkv	1295.975000000000	-25.55	3.2	-5.6	-35.65
167	0	Bob's Burgers/7/Bob's Burgers 0707 The Last Gingerbread House on the Left.mp4	1298.539000000000	-25	4.3	-5.65	-35.11
192	0	Bob's Burgers/8/Bob's Burgers 0811 Sleeping with the Frenemy.mkv	1296.608000000000	-26.02	8.4	-7.12	-36.43
205	0	Malcolm in the Middle/1/Malcolm in the Middle 0103 Home Alone 4.mkv	1324.957000000000	-27.56	9.1	-10.02	-38.52
175	0	Bob's Burgers/7/Bob's Burgers 0715 Ain't Miss Debatin'.mp4	1298.539000000000	-25.18	6.3	-4.07	-35.36
199	0	Bob's Burgers/8/Bob's Burgers 0818 As I Walk Through the Alley of the Shadow of Ramps.mkv	1291.616000000000	-24.94	8.2	-6.03	-35.24
186	0	Bob's Burgers/8/Bob's Burgers 0804 Sit Me Baby One More Time.mkv	1296.544000000000	-26.47	7.1	-7.16	-36.74
189	0	Bob's Burgers/8/Bob's Burgers 0808 V for Valentine-detta.mkv	1276.448000000000	-25.86	9.3	-8.31	-36.29
188	0	Bob's Burgers/8/Bob's Burgers 0806+0807 The Bleakening (Parts 1 & 2).mkv	2625.792000000000	-26.35	9.4	-8.46	-36.69
210	0	Malcolm in the Middle/1/Malcolm in the Middle 0108 Krelboyne Picnic.mkv	1356.922250000000	-28.66	9.6	-10.61	-39.43
201	0	Bob's Burgers/8/Bob's Burgers 0820 Mission Impos-slug-ble.mkv	1296.640000000000	-24.96	9.2	-6.95	-35.42
215	0	Malcolm in the Middle/1/Malcolm in the Middle 0113 Rollerskates.mkv	1345.911250000000	-27.81	8.9	-9	-38.69
217	0	Malcolm in the Middle/1/Malcolm in the Middle 0115 Smunday.mkv	1351.917250000000	-28.46	8.2	-9.8	-39.39
223	0	Malcolm in the Middle/2/Malcolm in the Middle 0205 Casino.mkv	1336.301625000000	-25.86	11.6	-5.06	-37.03
227	0	Malcolm in the Middle/2/Malcolm in the Middle 0209 High School Play.mkv	1336.301625000000	-25.41	13.1	-6.01	-36.9
231	0	Malcolm in the Middle/2/Malcolm in the Middle 0213 New Neighbors.mkv	1335.300625000000	-24.6	11.8	-3.82	-35.78
235	0	Malcolm in the Middle/2/Malcolm in the Middle 0217 Surgery.mkv	1338.303625000000	-24.8	11.1	-6.17	-36.18
30	0	Commercials/N64/The Legend of Zelda Ocarina of Time/The Legend of Zelda Ocarina of Time Trailer.mp4	62.381000000000	-9.76	17.6	1.35	-20.97
239	0	Malcolm in the Middle/2/Malcolm in the Middle 0221 Malcolm vs. Reese.mkv	1307.853250000000	-24.53	11.6	-4.68	-35.89
245	0	Malcolm in the Middle/3/Malcolm in the Middle 0302 Emancipation.mkv	1328.660625000000	-25.14	13.1	-6.19	-36.45
247	0	Malcolm in the Middle/3/Malcolm in the Middle 0304 Malcolm's Girlfriend.mkv	1314.713375000000	-25.73	10.8	-8.49	-36.9
251	0	Malcolm in the Middle/3/Malcolm in the Middle 0308 Poker.mkv	1328.026750000000	-25.46	13	-8.52	-36.94
259	0	Malcolm in the Middle/3/Malcolm in the Middle 0316 Hal Coaches.mkv	1269.234625000000	-24.59	9	-5.82	-35.58
264	0	Malcolm in the Middle/3/Malcolm in the Middle 0321 Cliques.mkv	1328.060125000000	-24.21	10.9	-4.12	-35.14
267	0	Malcolm in the Middle/4/Malcolm in the Middle 0402 Humilithon.mkv	1314.613250000000	-25.33	11.7	-2.26	-36.52
353	0	Malcolm in the Middle/7/Malcolm in the Middle 0722 Graduation.mkv	1354.753375000000	-25.02	7.5	-7.33	-35.97
334	0	Malcolm in the Middle/7/Malcolm in the Middle 0703 Reese vs. Stevie.mkv	1321.720375000000	-25.46	10	-6.15	-36.54
410	0	3rd Rock from the Sun/3/3rd Rock from the Sun 309 Seven Deadly Clips.mkv	1277.333000000000	-22.54	7.5	-4.31	-33.17
413	0	3rd Rock from the Sun/3/3rd Rock from the Sun 312 Dick on a Roll.mkv	1277.333000000000	-23.07	8.3	-4.99	-33.56
457	0	3rd Rock from the Sun/5/3rd Rock from the Sun 505 Dick and Tuck.mkv	1247.253000000000	-22.99	8.8	-4.31	-33.8
459	0	3rd Rock from the Sun/5/3rd Rock from the Sun 507 Sex and the Sally.mkv	1246.762000000000	-23.73	8.5	-5.32	-34.45
415	0	3rd Rock from the Sun/3/3rd Rock from the Sun 314 36! 24! 36! Dick! (Part 1).mkv	1277.973000000000	-23.2	7	-4.7	-33.79
419	0	3rd Rock from the Sun/3/3rd Rock from the Sun 318 Stuck with Dick.mkv	1277.973000000000	-23.06	8.2	-6.2	-33.72
411	0	3rd Rock from the Sun/3/3rd Rock from the Sun 310 Tom, Dick and Mary.mkv	1279.082000000000	-22.8	8.5	-4.96	-33.47
414	0	3rd Rock from the Sun/3/3rd Rock from the Sun 313 The Great Dick-Dater.mkv	1277.525000000000	-23.77	9.6	-4.7	-34.58
425	0	3rd Rock from the Sun/3/3rd Rock from the Sun 324 Sally and Don's First Kiss.mkv	1277.653000000000	-23.01	7.9	-5.08	-33.82
438	0	3rd Rock from the Sun/4/3rd Rock from the Sun 410 Two-Faced Dick.mkv	1272.362000000000	-28.92	7.4	-11.31	-39.57
417	0	3rd Rock from the Sun/3/3rd Rock from the Sun 316 Pickles and Ice Cream.mkv	1277.696000000000	-22.69	8.4	-6.05	-33.43
418	0	3rd Rock from the Sun/3/3rd Rock from the Sun 317 Auto Eurodicka.mkv	1277.653000000000	-23.17	7.3	-3.61	-33.74
440	0	3rd Rock from the Sun/4/3rd Rock from the Sun 412 Dick and Taxes.mkv	1272.853000000000	-29.08	5.8	-11.78	-39.56
421	0	3rd Rock from the Sun/3/3rd Rock from the Sun 320 My Daddy's Little Girl.mkv	1280.725000000000	-22.95	8.4	-7.12	-33.53
422	0	3rd Rock from the Sun/3/3rd Rock from the Sun 321 The Physics of Being Dick.mkv	1277.973000000000	-22.91	7.3	-3.51	-33.53
423	0	3rd Rock from the Sun/3/3rd Rock from the Sun 322 Just Your Average Dick (Part 1).mkv	1277.568000000000	-23.45	7.8	-4.19	-34.09
434	0	3rd Rock from the Sun/4/3rd Rock from the Sun 406 I am Dick Pentameter!.mkv	1275.178000000000	-22.92	7.3	-5.36	-33.56
426	0	3rd Rock from the Sun/3/3rd Rock from the Sun 325 When Aliens Camp.mkv	1279.082000000000	-22.81	7.5	-5.31	-33.38
427	0	3rd Rock from the Sun/3/3rd Rock from the Sun 326 The Tooth Harry.mkv	1279.530000000000	-22.6	8.4	-4.45	-33.34
430	0	3rd Rock from the Sun/4/3rd Rock from the Sun 402 Power Mad Dick.mkv	1272.362000000000	-22.78	9.2	-3.6	-33.59
432	0	3rd Rock from the Sun/4/3rd Rock from the Sun 404 Collect Call for Dick.mkv	1272.853000000000	-23.09	7.5	-6.5	-33.67
428	0	3rd Rock from the Sun/3/3rd Rock from the Sun 327 Eat, Drink, Dick, Mary.mkv	1359.722000000000	-18.2	10	-0.92	-29.1
435	0	3rd Rock from the Sun/4/3rd Rock from the Sun 407 D3 Judgment Day.mkv	1272.533000000000	-23.36	7.5	-6.05	-33.94
455	0	3rd Rock from the Sun/5/3rd Rock from the Sun 503 The Fifth Solomon.mkv	1247.253000000000	-23.59	8.5	-5.2	-34.21
436	0	3rd Rock from the Sun/4/3rd Rock from the Sun 408 Indecent Dick.mkv	1272.682000000000	-22.62	8.2	-3.26	-33.25
437	0	3rd Rock from the Sun/4/3rd Rock from the Sun 409 Happy New Dick!.mkv	1272.405000000000	-29.09	6.8	-10.2	-39.56
439	0	3rd Rock from the Sun/4/3rd Rock from the Sun 411 Dick Solomon of the Indiana Solomons.mkv	1272.853000000000	-28.88	5.6	-11.88	-39.34
449	0	3rd Rock from the Sun/4/3rd Rock from the Sun 421 Dick vs. Strudwick.mkv	1272.533000000000	-22.34	7.5	-5.43	-32.91
443	0	3rd Rock from the Sun/4/3rd Rock from the Sun 415 The House That Dick Built.mkv	1273.962000000000	-29.1	7.6	-11.31	-39.78
445	0	3rd Rock from the Sun/4/3rd Rock from the Sun 417 Y2Dick.mkv	1273.962000000000	-28.35	7.6	-11.07	-38.87
446	0	3rd Rock from the Sun/4/3rd Rock from the Sun 418 Dick 'The Mouth' Solomon.mkv	1272.576000000000	-29.65	8.2	-11.03	-40.41
447	0	3rd Rock from the Sun/4/3rd Rock from the Sun 419 Citizen Solomon.mkv	1272.533000000000	-29.69	7	-11.47	-40.31
448	0	3rd Rock from the Sun/4/3rd Rock from the Sun 420 Alien Hunter.mkv	1274.922000000000	-23.21	7.5	-5.47	-33.75
451	0	3rd Rock from the Sun/4/3rd Rock from the Sun 423 Dick's Big Giant Headache (Part 1).mkv	1272.362000000000	-23.63	6.3	-7.06	-34.12
453	0	3rd Rock from the Sun/5/3rd Rock from the Sun 501 Episode I The Baby Menace.mkv	1247.253000000000	-23.52	8.2	-5.44	-34.18
454	0	3rd Rock from the Sun/5/3rd Rock from the Sun 502 Dick for Tat.mkv	1247.253000000000	-22.89	8.7	-2.03	-33.66
456	0	3rd Rock from the Sun/5/3rd Rock from the Sun 504 Dial M for Dick.mkv	1247.253000000000	-23.72	7.7	-5.91	-34.39
355	0	3rd Rock from the Sun/1/3rd Rock from the Sun 103 Dick's First Birthday.mkv	1304.853000000000	-24.37	7.1	-6.5	-35.04
357	0	3rd Rock from the Sun/1/3rd Rock from the Sun 105 Dick, Smoker.mkv	1303.253000000000	-23.69	9.2	-4.58	-34.49
356	0	3rd Rock from the Sun/1/3rd Rock from the Sun 104 Dick Is from Mars, Sally Is from Venus.mkv	1306.133000000000	-22.91	6.4	-7.5	-33.51
358	0	3rd Rock from the Sun/1/3rd Rock from the Sun 106 Green-Eyed Dick.mkv	1305.322000000000	-23.89	9.7	-7.29	-34.71
429	0	3rd Rock from the Sun/4/3rd Rock from the Sun 401 Dr. Solomon's Traveling Alien Show.mkv	1272.576000000000	-22.34	8.4	-2.65	-32.97
371	0	3rd Rock from the Sun/1/3rd Rock from the Sun 119 Selfish Dick.mkv	1304.682000000000	-22.23	6.8	-5.92	-32.81
373	0	3rd Rock from the Sun/1/3rd Rock from the Sun 101 Brains and Eggs.mkv	1303.573000000000	-26.57	9.4	-7.89	-37.27
375	0	3rd Rock from the Sun/2/3rd Rock from the Sun 202 See Dick Continue to Run, Part 2.mkv	1279.530000000000	-25.2	11	-4.43	-36.1
374	0	3rd Rock from the Sun/2/3rd Rock from the Sun 201 See Dick Continue to Run, Part 1.mkv	1275.925000000000	-25.83	10	-5.1	-36.62
379	0	3rd Rock from the Sun/2/3rd Rock from the Sun 206 Dick the Vote.mkv	1276.501000000000	-25.55	9.3	-4.81	-36.31
385	0	3rd Rock from the Sun/2/3rd Rock from the Sun 212 Jolly Old St. Dick.mkv	1275.925000000000	-23.49	8.7	-5.22	-34.09
387	0	3rd Rock from the Sun/2/3rd Rock from the Sun 214 Romeo & Juliet & Dick.mkv	1280.896000000000	-24.04	8.9	-5.53	-34.72
392	0	3rd Rock from the Sun/2/3rd Rock from the Sun 219 Dick Behaving Badly.mkv	1275.648000000000	-23.08	8	-6.61	-33.61
396	0	3rd Rock from the Sun/2/3rd Rock from the Sun 223 Fifteen Minutes of Dick.mkv	1275.178000000000	-23.47	9.1	-4.64	-34.15
401	0	3rd Rock from the Sun/2/3rd Rock from the Sun 226 A Nightmare on Dick Street (Part 2).mkv	1277.973000000000	-23.3	10	-5.63	-33.94
402	0	3rd Rock from the Sun/3/3rd Rock from the Sun 301 Fun with Dick and Janet (Part 1).mkv	1277.333000000000	-24.51	8.9	-5.94	-35.14
409	0	3rd Rock from the Sun/3/3rd Rock from the Sun 308 A Friend in Dick.mkv	1277.333000000000	-23.13	8.7	-4.76	-33.93
408	0	3rd Rock from the Sun/3/3rd Rock from the Sun 307 Eleven Angry Men and One Dick.mkv	1279.125000000000	-24.16	9.3	-5.37	-35
476	0	3rd Rock from the Sun/6/3rd Rock from the Sun 602 Fear and Loathing in Rutherford.mkv	1241.493000000000	-22.82	6.5	-5.11	-33.43
467	0	3rd Rock from the Sun/5/3rd Rock from the Sun 515 Youth Is Wasted on the Dick.mkv	1244.565000000000	-23.27	8.6	-5.42	-34.05
464	0	3rd Rock from the Sun/5/3rd Rock from the Sun 512 The Big Giant Head Returns.mkv	1244.373000000000	-23.87	9.2	-6.45	-34.77
460	0	3rd Rock from the Sun/5/3rd Rock from the Sun 508 Charitable Dick.mkv	1247.253000000000	-23.58	10.1	-3.45	-34.53
461	0	3rd Rock from the Sun/5/3rd Rock from the Sun 509 The Loud Solomon Family A Dickumentary.mkv	1248.981000000000	-24.06	9.5	-6.05	-34.88
462	0	3rd Rock from the Sun/5/3rd Rock from the Sun 510 Gwen, Larry, Dick & Mary.mkv	1242.133000000000	-23.44	7.9	-6.58	-34.04
480	0	3rd Rock from the Sun/6/3rd Rock from the Sun 606 Why Dickie Can't Teach.mkv	1242.133000000000	-24.12	7.5	-6.34	-34.88
465	0	3rd Rock from the Sun/5/3rd Rock from the Sun 513 Rutherford Beauty.mkv	1242.133000000000	-23.13	7.6	-6.81	-33.67
474	0	3rd Rock from the Sun/5/3rd Rock from the Sun 522 The Big Giant Head Returns Again (Part 2).mkv	1243.178000000000	-23.5	8.4	-6.99	-34.3
468	0	3rd Rock from the Sun/5/3rd Rock from the Sun 516 Dick Strikes Out.mkv	1247.253000000000	-23.47	7.1	-5.82	-34.16
469	0	3rd Rock from the Sun/5/3rd Rock from the Sun 517 Shall We Dick.mkv	1245.568000000000	-22.19	10.6	-4.62	-32.93
471	0	3rd Rock from the Sun/5/3rd Rock from the Sun 519 Frankie Goes to Rutherford.mkv	1243.562000000000	-23.58	9.3	-5.22	-34.44
485	0	3rd Rock from the Sun/6/3rd Rock from the Sun 611 A Dick Replacement.mkv	1241.856000000000	-23.52	7.2	-6.2	-34.12
483	0	3rd Rock from the Sun/6/3rd Rock from the Sun 609 Dick Digs.mkv	1242.133000000000	-23.58	7.5	-6.56	-34.24
475	0	3rd Rock from the Sun/6/3rd Rock from the Sun 601 Les Liaisons Dickgereuses.mkv	1241.130000000000	-22.21	6.6	-6.02	-32.89
477	0	3rd Rock from the Sun/6/3rd Rock from the Sun 603 InDickscretion.mkv	1242.133000000000	-22.97	6.7	-5.56	-33.56
478	0	3rd Rock from the Sun/6/3rd Rock from the Sun 604 Dick'll Take Manhattan (Part 1).mkv	1240.085000000000	-22.41	6.1	-4.55	-32.97
488	0	3rd Rock from the Sun/6/3rd Rock from the Sun 614 My Mother, My Dick.mkv	1240.085000000000	-22.46	6.9	-5.54	-33.24
481	0	3rd Rock from the Sun/6/3rd Rock from the Sun 607 B.D.O.C..mkv	1240.085000000000	-23.03	7.5	-3.91	-33.8
490	0	3rd Rock from the Sun/6/3rd Rock from the Sun 616 Dick Soup for the Soul.mkv	1241.536000000000	-23.29	8.7	-5.03	-34.27
487	0	3rd Rock from the Sun/6/3rd Rock from the Sun 613 You Don't Know Dick.mkv	1241.813000000000	-22.62	5.5	-5.13	-33.16
482	0	3rd Rock from the Sun/6/3rd Rock from the Sun 608 Red, White & Dick.mkv	1242.133000000000	-22.71	7.2	-4.93	-33.39
492	0	3rd Rock from the Sun/6/3rd Rock from the Sun 618 Mary Loves Scoochie (Part 2).mkv	1246.976000000000	-22.57	6.2	-4.84	-33.18
486	0	3rd Rock from the Sun/6/3rd Rock from the Sun 612 Dick's Ark.mkv	1241.962000000000	-22.54	5.9	-5.14	-33.1
491	0	3rd Rock from the Sun/6/3rd Rock from the Sun 617 Mary Loves Scoochie (Part 1).mkv	1246.933000000000	-23.07	7.2	-5.09	-33.8
489	0	3rd Rock from the Sun/6/3rd Rock from the Sun 615 Glengarry Glen Dick.mkv	1241.258000000000	-22.35	6.3	-4.91	-33.09
495	0	3rd Rock from the Sun/6/3rd Rock from the Sun 620 The Thing that Wouldn't Die (Part 2).mkv	1241.450000000000	-22.29	8.6	-5.29	-33.16
412	0	3rd Rock from the Sun/3/3rd Rock from the Sun 311 Jailhouse Dick.mkv	1277.973000000000	-23.07	6.9	-5.99	-33.65
416	0	3rd Rock from the Sun/3/3rd Rock from the Sun 315 36! 24! 36! Dick! (Part 2).mkv	1277.973000000000	-22.82	6.1	-6.21	-33.28
420	0	3rd Rock from the Sun/3/3rd Rock from the Sun 319 Portrait of Tommy as an Old Man.mkv	1277.376000000000	-23.11	8.6	-5.69	-33.86
424	0	3rd Rock from the Sun/3/3rd Rock from the Sun 323 Dick and the Other Guy (Part 2).mkv	1275.925000000000	-22.9	8.5	-4.01	-33.65
431	0	3rd Rock from the Sun/4/3rd Rock from the Sun 403 Feeling' Albright.mkv	1272.362000000000	-23.21	8.8	-2.67	-34.01
433	0	3rd Rock from the Sun/4/3rd Rock from the Sun 405 What's Love Got to Do, Got to Do with Dick.mkv	1272.533000000000	-24	8.9	-6.33	-34.76
441	0	3rd Rock from the Sun/4/3rd Rock from the Sun 413 Sally Forth.mkv	1272.853000000000	-29.52	9.1	-12	-40.46
442	0	3rd Rock from the Sun/4/3rd Rock from the Sun 414 Paranoid Dick.mkv	1272.853000000000	-29.79	7.5	-11.73	-40.39
444	0	3rd Rock from the Sun/4/3rd Rock from the Sun 416 Superstitious Dick.mkv	1274.133000000000	-29.17	5.7	-10.39	-39.49
450	0	3rd Rock from the Sun/4/3rd Rock from the Sun 422 Near Dick Experience.mkv	1272.853000000000	-23	7.2	-5.17	-33.61
452	0	3rd Rock from the Sun/4/3rd Rock from the Sun 424 Dick's Big Giant Headache (Part 2).mkv	1274.133000000000	-23.67	7.4	-7.64	-34.2
458	0	3rd Rock from the Sun/5/3rd Rock from the Sun 506 Dick, Who's Coming to Dinner.mkv	1247.616000000000	-22.29	10.4	-3.65	-33.09
463	0	3rd Rock from the Sun/5/3rd Rock from the Sun 511 Dick Puts the Id in Cupid.mkv	1243.370000000000	-23.07	8.8	-5.4	-33.9
466	0	3rd Rock from the Sun/5/3rd Rock from the Sun 514 This Little Dick Goes to Market.mkv	1244.778000000000	-23.18	9	-4.15	-34.05
470	0	3rd Rock from the Sun/5/3rd Rock from the Sun 518 Dick and Harry Fall in a Hole.mkv	1244.373000000000	-22.04	8	-3.63	-32.81
473	0	3rd Rock from the Sun/5/3rd Rock from the Sun 521 The Big Giant Head Returns Again (Part 1).mkv	1242.965000000000	-23.3	7.2	-5.44	-33.9
472	0	3rd Rock from the Sun/5/3rd Rock from the Sun 520 Dick Solomon's Day Off.mkv	1243.541000000000	-23.13	8.2	-7.17	-33.77
479	0	3rd Rock from the Sun/6/3rd Rock from the Sun 605 Dick'll Take Manhattan (Part 2).mkv	1241.856000000000	-22.42	6.8	-5.57	-33.17
484	0	3rd Rock from the Sun/6/3rd Rock from the Sun 610 There's No Business Like Dick Business.mkv	1241.536000000000	-21.99	6.9	-3.28	-32.59
493	0	3rd Rock from the Sun/6/3rd Rock from the Sun 619 The Thing that Wouldn't Die (Part 1).mkv	1242.133000000000	-22.6	7.5	-3.97	-33.52
494	0	3rd Rock from the Sun/6/3rd Rock from the Sun 620 The Thing That Wouldn't Die (Alternate Ending).mkv	265.962000000000	-15.54	15.1	0.14	-27.37
643	0	Commercials/N64/Nintendo 64 Nintendo Squad Player's Choice Commercial.mp4	30.061000000000	-21.91	3	-8.87	-31.99
498	0	Beyond Belief Fact or Fiction/1/Beyond Belief Fact or Fiction 103 The Prophecy, Couch Potato, Love Over the Counter, Imaginary Friend, Last Man on Earth.avi	2574.972400000000	-20.66	5.7	-2.59	-31.12
499	0	Beyond Belief Fact or Fiction/1/Beyond Belief Fact or Fiction 104 E-Mail, Cup of Joe, Secret of the Family Tomb, Wheezer, The Unknown Patient.avi	2581.979400000000	-20.41	5.8	-2.89	-30.8
502	0	Beyond Belief Fact or Fiction/2/Beyond Belief Fact or Fiction 201 The Plane, The Gun, The Portrait, The Pass, The Caller.avi	2581.979400000000	-22.54	12.3	-2.35	-33.46
497	0	Beyond Belief Fact or Fiction/1/Beyond Belief Fact or Fiction 102 The Viewing, The Subway, Kid in the Closet, Justice is Served, The Tractor.avi	2580.978400000000	-17.6	6	-0.24	-28.05
501	0	Beyond Belief Fact or Fiction/1/Beyond Belief Fact or Fiction 106 The Candlestick, The Diner, From the Agency, The Magic Rose Garden, The Jeep.avi	2581.979400000000	-21.12	12.7	-1.88	-32.53
496	0	Beyond Belief Fact or Fiction/1/Beyond Belief Fact or Fiction 101 The Apparition, The Electric Chair, On the Road, Number One With a Bullet, Dream House.avi	2579.944033000000	-20.13	5.7	-1.25	-30.63
500	0	Beyond Belief Fact or Fiction/1/Beyond Belief Fact or Fiction 105 Needle Point, Toy to the Rescue, Mystery Lock, The House on Baker Street, The Train.avi	2582.980400000000	-23.66	12.3	-5.46	-34.82
504	0	Beyond Belief Fact or Fiction/2/Beyond Belief Fact or Fiction 203 The Wall, The Chalkboard, The Getaway, The Prescription, Summer Camp.avi	2584.982400000000	-20.36	4	-1.64	-30.49
507	0	Beyond Belief Fact or Fiction/2/Beyond Belief Fact or Fiction 206 Bright Lights, Magic Mightyman, The Student, Scribbles, Count Mystery.avi	2581.979400000000	-20.24	6.6	-1.7	-30.61
505	0	Beyond Belief Fact or Fiction/2/Beyond Belief Fact or Fiction 204 The Wrestler, The Escape, Dead Friday, Ghost Visitor, The Lady in a Black Dress.avi	2581.745833000000	-20.4	5.3	-2.4	-30.6
508	0	Beyond Belief Fact or Fiction/2/Beyond Belief Fact or Fiction 207 The Mummy, The Perfect Record, Grave Sitting, Murder on the Second Floor, They Towed My Car.avi	2582.980400000000	-20.31	5.7	-2.28	-30.61
510	0	Beyond Belief Fact or Fiction/2/Beyond Belief Fact or Fiction 209 Rock & Roll Ears, The Bucket, The Bridesmaid, Voice from the Grave, The Chess Game.avi	2581.979400000000	-22.1	12.2	-3.24	-32.98
506	0	Beyond Belief Fact or Fiction/2/Beyond Belief Fact or Fiction 205 The Land, Titan, The Diary, Town of Remembrance, The House on Barry Avenue.avi	2581.979400000000	-21.36	7.5	-2.94	-31.81
511	0	Beyond Belief Fact or Fiction/2/Beyond Belief Fact or Fiction 210 The Motorcycle, Blind Man's Dog, Deer Hunters, Tribal Curse, The Card Game.avi	2582.980400000000	-20.26	3.9	-2.99	-30.48
513	0	Beyond Belief Fact or Fiction/2/Beyond Belief Fact or Fiction 212 Merry-Go-Round, Red Eyed Creature, Used Car Salesman, Surveillance Camera, Graffiti.avi	2580.978400000000	-20.6	4.9	-2.82	-30.9
514	0	Beyond Belief Fact or Fiction/2/Beyond Belief Fact or Fiction 213 The Warning, Bus Stop, The Cure, The Guardian, The Gift.avi	2578.976400000000	-25.67	7	-5.95	-36.27
503	0	Beyond Belief Fact or Fiction/2/Beyond Belief Fact or Fiction 202 Firestation 32, The Computer, The Girl Next Door, The Wallet, The Woods.avi	2581.779200000000	-22.67	8.4	-5.19	-33.15
509	0	Beyond Belief Fact or Fiction/2/Beyond Belief Fact or Fiction 208 Kirby, Dust, Malibu Cop, A Joyful Noise, The Hooded Chair.avi	2581.979400000000	-20.3	6	-2.63	-30.67
512	0	Beyond Belief Fact or Fiction/2/Beyond Belief Fact or Fiction 211 Bon Voyage, The Man in the Model T, The Scoop, Angel on Board, Buenos Dias.avi	2563.994767000000	-21.65	5.2	-2.73	-31.9
524	0	Beyond Belief Fact or Fiction/3/Beyond Belief Fact or Fiction 310 Devil's Tattoo, Static Man, The Bloody Hand, Where Have All the Heroes Gone, War Surplus.avi	2587.985400000000	-22.07	9.2	0.06	-32.56
525	0	Beyond Belief Fact or Fiction/3/Beyond Belief Fact or Fiction 311 Dead Beat Daddy, Ghost Town, The Sewing Machine, The Sleepwalker, Money Laundry.avi	2586.984400000000	-21.72	8	-2.05	-32.34
522	0	Beyond Belief Fact or Fiction/3/Beyond Belief Fact or Fiction 308 Creepy Comics, Louie the Dip, The Wailing, The Landlady, Curse.avi	2586.984400000000	-21.62	9.3	-0.19	-32.34
523	0	Beyond Belief Fact or Fiction/3/Beyond Belief Fact or Fiction 309 For the Record, Halloween, Precious, Get Your Kicks at Motel 66, Phantom Drifter.avi	2584.682100000000	-21.4	7	-2.61	-31.85
517	0	Beyond Belief Fact or Fiction/3/Beyond Belief Fact or Fiction 303 The Find, The Golden Cue, The FBI Story, The Gravedigger's Nemesis, Last Rites.avi	2587.985400000000	-22.76	9.9	-3.69	-33.43
529	0	Beyond Belief Fact or Fiction/4/Beyond Belief Fact or Fiction 402 Writer's Agent, Crypt Ghost, The Doll, Hubert's Curse, Shared Vision.avi	2580.978400000000	-21.45	7.6	-3.35	-32.15
528	0	Beyond Belief Fact or Fiction/4/Beyond Belief Fact or Fiction 401 The Devil's Autograph, Mail Order Degree, The News Stand, The Murder of Roy Hennessey, Mysterious Strangers.avi	2586.984400000000	-21.89	7.3	-3.83	-32.53
526	0	Beyond Belief Fact or Fiction/3/Beyond Belief Fact or Fiction 312 The Handyman, Anatole, Makeup Magic, Screwdriver, Charlie.avi	2586.984400000000	-22.36	7.4	-3.87	-32.97
527	0	Beyond Belief Fact or Fiction/3/Beyond Belief Fact or Fiction 313 The Dealer, Gratuity, The Cake, 1st Time Offender, The Mirror of Truth.avi	2587.985400000000	-21.15	6.4	-0.88	-31.51
531	0	Beyond Belief Fact or Fiction/4/Beyond Belief Fact or Fiction 404 Second Sight, The Fine Line, The Wrong Turn, Who Was I, You Are Next.avi	2571.969400000000	-21.87	7.5	-2.89	-32.52
534	0	Beyond Belief Fact or Fiction/4/Beyond Belief Fact or Fiction 407 The Wreath, Terror Night, Tants, The Candidate, The Ring.avi	2581.979400000000	-21.34	8.7	-2.63	-32.26
533	0	Beyond Belief Fact or Fiction/4/Beyond Belief Fact or Fiction 406 The Dorm, The Child Artist, The Weatherman, Sit-Down Comedian, Room 245.avi	2581.979400000000	-21.18	6.8	-2.1	-31.81
530	0	Beyond Belief Fact or Fiction/4/Beyond Belief Fact or Fiction 403 Out of Service, When I Was Big, The Greedy Investor, Seven Hours of Bad Luck, The Secret of the Coins.avi	2581.979400000000	-20.36	5.9	-2.47	-30.8
532	0	Beyond Belief Fact or Fiction/4/Beyond Belief Fact or Fiction 405 House of Shadows, One Hand in the Till, Teasdale's Motor Car, The Vision, The Grave.avi	2579.977400000000	-21.23	6.3	-3.1	-31.73
536	0	Beyond Belief Fact or Fiction/4/Beyond Belief Fact or Fiction 409 The Wealthy Widow, The Witness, The Accident, Bad Dreams, Mental.avi	2581.979400000000	-21.33	7.2	-2.86	-31.77
538	0	Beyond Belief Fact or Fiction/4/Beyond Belief Fact or Fiction 411 The Mystery of Douglas Hibbard, Wheelchair Man, The Vigil, The Mandarin's Bowl, Ghost Writer.avi	2581.946033000000	-20.97	6.4	-2.99	-31.59
539	0	Beyond Belief Fact or Fiction/4/Beyond Belief Fact or Fiction 412 Witness to Murder, Roulette Wheel, The Phrenologist's Head, The Bridge, The Cigar Box.avi	2580.978400000000	-21.97	8.3	-3.01	-32.65
537	0	Beyond Belief Fact or Fiction/4/Beyond Belief Fact or Fiction 410 Moonstruck Beach, Healing Hands, Aspen Sunny Side, Night Walker, Hot Car.avi	2581.979400000000	-21.11	6.4	-3.23	-31.56
540	0	Beyond Belief Fact or Fiction/4/Beyond Belief Fact or Fiction 413 The Hand, The Battered Doll, Poker Justice, Above the Clouds, Screen Saver.avi	2581.979400000000	-21.66	8.7	-3.22	-32.45
518	0	Beyond Belief Fact or Fiction/3/Beyond Belief Fact or Fiction 304 E-Mail, Blood Donor, Epitaph, Stitches in Time, Soldier.avi	2585.983400000000	-21.53	7.1	-3.02	-31.9
521	0	Beyond Belief Fact or Fiction/3/Beyond Belief Fact or Fiction 307 Connie, Positive I.D., Trucker, Cook Out, The New House.avi	2580.978400000000	-20.3	5.9	-2.42	-30.57
519	0	Beyond Belief Fact or Fiction/3/Beyond Belief Fact or Fiction 305 The Nightmare, The Stalker, The Impossible Car Dream, The Dresser, The Burial.avi	2580.978400000000	-21.19	9.9	-2.45	-32.07
535	0	Beyond Belief Fact or Fiction/4/Beyond Belief Fact or Fiction 408 Caitlin's Candle, The Flower Jury, The Mentor, The Old Bike, The Music Teacher.avi	2072.970900000000	-21.33	6.9	-2.68	-31.97
516	0	Beyond Belief Fact or Fiction/3/Beyond Belief Fact or Fiction 302 One for the Road, The Music Box, Two to One, Damsel, The Horn.avi	2585.983400000000	-21.7	8	-2.36	-32.37
515	0	Beyond Belief Fact or Fiction/3/Beyond Belief Fact or Fiction 301 Morning Sickness, The Curse of Hampton Manor, Wax Executioner, Blood Bank, Ring Toss.avi	2587.985400000000	-21.59	6.2	-2.14	-31.98
520	0	Beyond Belief Fact or Fiction/3/Beyond Belief Fact or Fiction 306 Red Line, Two Sisters, Eclipse, The Ice Box, The Gathering.avi	2581.979400000000	-21.7	10.1	-1.65	-32.42
647	0	Commercials/N64/Nintendo 64 Sports Commercial.mp4	60.381000000000	-17.91	2.2	-5.26	-27.92
646	0	Commercials/N64/Nintendo 64 Player's Choice Million Seller Label Maker Commercial.mp4	30.241000000000	-12.69	2.7	-1.13	-22.72
648	0	Commercials/N64/BattleTanx/BattleTanx Commercial.mp4	30.241000000000	-21.88	8.8	-7.66	-32.03
645	0	Commercials/N64/Nintendo 64 Player's Choice Locker Room With Voiceover Commercial.mp4	30.241000000000	-23.72	2.4	-10.67	-33.72
644	0	Commercials/N64/Nintendo 64 Player's Choice Locker Room Commercial.mp4	36.481000000000	-20.51	4.2	-6.25	-30.8
31	0	Commercials/N64/Turok 2 Seeds of Evil/Turok 2 Seeds of Evil Long Commercial.mp4	30.068333000000	-12.71	1.4	-2.69	-22.75
554	0	Commercials/SNES/DOOM/DOOM TV Commercial.mp4	15.001000000000	-14.76	5.7	-0.82	-25.14
543	0	Commercials/PC/DOOM 3/DOOM 3 Trailer.mp4	68.941000000000	-29.23	11.4	-17.54	-39.57
550	0	Commercials/Xbox/DOOM 3/DOOM 3 Trailer.mp4	83.777596000000	-15.76	8.9	-3.16	-25.95
551	0	Commercials/Xbox/DOOM 3/DOOM 3 UK TV Ad.mp4	20.021000000000	-15.91	11.6	-2.18	-27.25
557	0	Commercials/N64/The Legend of Zelda Majora's Mask/The Legend of Zelda Majora's Mask Commercial Ad.mp4	37.781000000000	-12.58	6	0.84	-23.42
547	0	Commercials/Xbox/DOOM 3/DOOM 3 Commercial.mp4	14.841000000000	-15.55	2	-3.95	-25.76
549	0	Commercials/Xbox/DOOM 3/DOOM 3 Trailer 2.mp4	136.221000000000	-14.69	11.6	0.32	-25.15
553	0	Commercials/Sega 32X/DOOM Commercial.mp4	31.501000000000	-14.74	2.9	-2.33	-25.18
555	0	Commercials/PC + Xbox/DOOM 3/DOOM 3 PC Xbox Commercial 1.mp4	30.541000000000	-20.47	14.4	-5.99	-31.91
559	0	Commercials/N64/The Legend of Zelda Majora's Mask/The Legend of Zelda Majora's Mask French Commercial 1.mp4	11.121000000000	-7.6	1	0.76	-17.83
552	0	Commercials/Xbox/DOOM 3/Doom 3 Pre Release Unrated Trailer.mp4	138.101000000000	-24.16	7.6	-5.44	-34.55
560	0	Commercials/N64/The Legend of Zelda Majora's Mask/The Legend of Zelda Majora's Mask French Commercial 2.mp4	31.031000000000	-15.58	2.8	-1.13	-25.63
569	0	Commercials/N64/The Legend of Zelda Majora's Mask/The Legend of Zelda Majora's Mask Radio Zelda Short 3.mp4	15.001000000000	-16.66	2.5	-4.15	-26.68
638	0	Commercials/N64/Nintendo 64 Scott Adsit Sports Ad #1.mp4	32.981000000000	-20.6	7.3	-7.06	-31.27
563	0	Commercials/N64/The Legend of Zelda Majora's Mask/The Legend of Zelda Majora's Mask Japanese Commercial 1.mp4	29.651882000000	-18.94	10.4	-8.45	-29.67
566	0	Commercials/N64/The Legend of Zelda Majora's Mask/The Legend of Zelda Majora's Mask Radio Zelda Commercial 2.mp4	67.467000000000	-22.5	7.1	-4.44	-33.03
568	0	Commercials/N64/The Legend of Zelda Majora's Mask/The Legend of Zelda Majora's Mask Radio Zelda Short 2.mp4	15.301000000000	-26.56	1.3	-13.43	-36.63
571	0	Commercials/PS2/Kingdom Hearts/Kingdom Hearts New From Disney Interactive VHS Promo.mp4	37.021000000000	-11.81	5.4	0.66	-22.31
567	0	Commercials/N64/The Legend of Zelda Majora's Mask/The Legend of Zelda Majora's Mask Radio Zelda Short 1.mp4	30.066667000000	-8.83	3	0.48	-18.92
565	0	Commercials/N64/The Legend of Zelda Majora's Mask/The Legend of Zelda Majora's Mask Radio Zelda Commercial 1.mp4	70.787000000000	-25.16	7.5	-5.65	-35.36
573	0	Commercials/PS2/Kingdom Hearts/Kingdom Hearts TV Spot 2.mp4	30.341000000000	-24.26	7.4	-13.19	-34.5
578	0	Commercials/DS/Kingdom Hearts Re coded/Kingdom Hearts Re coded English Commercial 1 v1.mp4	30.161000000000	-15.14	3.4	-5.66	-25.17
574	0	Commercials/PS2/Kingdom Hearts/Kingdom Hearts TV Spot Japanese.mp4	14.814800000000	-18.21	2.5	-5.45	-28.43
575	0	Commercials/PS2/Kingdom Hearts/Kingdom Hearts TV Spot Simple and Clean.mp4	30.241000000000	-30.67	1.8	-17.45	-40.73
572	0	Commercials/PS2/Kingdom Hearts/Kingdom Hearts TV Spot 1.mp4	30.881000000000	-7.59	1.3	1.13	-17.68
582	0	Commercials/3DS/Kingdom Hearts 3D Dream Drop Distance/Kingdom Hearts 3D Dream Drop Distance Sanctuary Commercial.mp4	15.241000000000	-15.7	1.3	-2.5	-25.7
570	0	Commercials/PS2/Kingdom Hearts/Kingdom Hearts Disney Channel Commercial.mp4	90.161000000000	-38.54	2	-25.8	-48.57
577	0	Commercials/GBA/Kingdom Hearts Chain of Memories/Kingdom Hearts Chain of Memories Japanese Commercial.mp4	30.841000000000	-12.32	4.7	-0.8	-23.49
584	0	Commercials/PS3/KINGDOM HEARTS -HD 1.5+2.5 ReMIX-/KINGDOM HEARTS -HD 1.5+2.5 ReMIX- Spanish Commercial.mp4	29.094603000000	-13.65	7.8	-2.73	-24.24
581	0	Commercials/3DS/Kingdom Hearts 3D Dream Drop Distance/Kingdom Hearts 3D Dream Drop Distance Commercial.mp4	32.241000000000	-15.93	19.1	-3.76	-26.35
585	0	Commercials/PS2/Kingdom Hearts Final Mix/Kingdom Hearts Final Mix Commercial.mp4	14.121000000000	-21.59	2.7	-10.01	-31.59
591	0	Commercials/DS/Kingdom Hearts 358 2 Days/Kingdom Hearts 358 2 Days Commercial Short.mp4	30.141000000000	-18.19	1.3	-7.42	-28.19
590	0	Commercials/DS/Kingdom Hearts 358 2 Days/Kingdom Hearts 358 2 Days Commercial Long.mp4	65.281000000000	-13.53	6.1	0.4	-23.79
598	0	Commercials/PS4/Kingdom Hearts III/Kingdom Hearts III Commercial 1.mp4	73.001000000000	-12.56	6.2	-1.81	-22.91
596	0	Commercials/XB1/Kingdom Hearts III/Kingdom Hearts III Commercial 1.mp4	64.364300000000	-20.09	16.6	-5.08	-31.27
593	0	Commercials/PSP/Kingdom Hearts Birth by Sleep/Kingdom Hearts Birth by Sleep Japanese Ad Spot.mp4	35.361000000000	-27.07	4.1	-12.07	-37.52
589	0	Commercials/PS2/Kingdom Hearts II/Kingdom Hearts II Sanctuary Japanese Commercial.mp4	15.015000000000	-18.91	2	-4.34	-29.04
587	0	Commercials/PS2/Kingdom Hearts II/Kingdom Hearts II Disney 411 Commercial.mp4	120.321000000000	-28.49	1.4	-17.4	-38.53
597	0	Commercials/XB1/Kingdom Hearts III/Kingdom Hearts III Commercial 2.mp4	33.041995000000	-16.36	8.8	-1.92	-27.32
595	0	Commercials/PS4 + XB1/Kingdom Hearts III/Kingdom Hearts III Commercial.mp4	73.001000000000	-12.56	6.2	-1.82	-22.91
586	0	Commercials/PS2/Kingdom Hearts II/Kingdom Hearts II Commercial.mp4	213.741000000000	-22.72	11	-10.1	-33.11
544	0	Commercials/PC/DOOM 3/Resurrection of Evil/DOOM 3 Resurrection of Evil Trailer.mp4	115.741000000000	-19.31	9.6	-8.6	-29.59
542	0	Commercials/PC/DOOM 3/DOOM 3 Official Trailer.mp4	148.956009000000	-15.49	13	0.28	-26.01
545	0	Commercials/PC/DOOM II/DOOM II Commercial.mp4	30.221000000000	-28.43	2.8	-13.91	-38.67
580	0	Commercials/DS/Kingdom Hearts Re coded/Kingdom Hearts Re coded English Commercial 2.mp4	30.161000000000	-14.6	2.9	-3.07	-24.62
548	0	Commercials/Xbox/DOOM 3/DOOM 3 TV Spot.mp4	30.541000000000	-15	7.4	-0.56	-25.05
564	0	Commercials/N64/The Legend of Zelda Majora's Mask/The Legend of Zelda Majora's Mask Japanese Commercial 2.mp4	14.247567000000	-11.26	3.3	-0.42	-21.26
558	0	Commercials/N64/The Legend of Zelda Majora's Mask/The Legend of Zelda Majora's Mask Espaol Latino Commercial.mp4	29.621000000000	-9.85	1.3	-2.35	-19.9
561	0	Commercials/N64/The Legend of Zelda Majora's Mask/The Legend of Zelda Majora's Mask French Commercial 3.mp4	15.278730000000	-16.15	5.3	-3.8	-26.89
576	0	Commercials/GBA/Kingdom Hearts Chain of Memories/Kingdom Hearts Chain of Memories English Commercial.mp4	30.101564000000	-20.33	2.6	-9.43	-30.69
583	0	Commercials/Android + iOS/Kingdom Hearts Unchained /Kingdom Hearts Unchained  Japanese Commercial.mp4	15.101000000000	-24.14	1.6	-7.82	-34.25
594	0	Commercials/PSP/Kingdom Hearts Birth by Sleep Final Mix/Kingdom Hearts Birth by Sleep Final Mix Commercial.mp4	15.069751000000	-19.38	1.7	-7.99	-29.58
541	0	Commercials/PC/DOOM 3/DOOM 3 E3 Trailer.mp4	178.461000000000	-16.81	5.5	-1.77	-27
588	0	Commercials/PS2/Kingdom Hearts II/Kingdom Hearts II Sanctuary English Commercial.mp4	30.201000000000	-14.55	3	-1.13	-24.71
562	0	Commercials/N64/The Legend of Zelda Majora's Mask/The Legend of Zelda Majora's Mask French Commercial 4.mp4	11.761000000000	-15.57	2.9	-1.99	-26.12
556	0	Commercials/N64/The Legend of Zelda Majora's Mask/The Legend of Zelda Majora's Mask Andromeda Giveaway.mp4	30.861000000000	-12.96	1.4	-0.19	-22.97
579	0	Commercials/DS/Kingdom Hearts Re coded/Kingdom Hearts Re coded English Commercial 1 v2.mp4	30.161000000000	-14.17	1.8	-5.12	-24.22
592	0	Commercials/PSP/Kingdom Hearts Birth by Sleep/Kingdom Hearts Birth by Sleep English Simple and Clean.mp4	27.041000000000	-18.77	3	-8.1	-28.8
599	0	Commercials/PS4/Kingdom Hearts III/Kingdom Hearts III Commercial 2.mp4	32.761000000000	-16.97	12.1	-2.28	-28.06
606	0	Commercials/N64/The Legend of Zelda Ocarina of Time/The Legend of Zelda Ocarina of Time Commercial 3.mp4	30.221000000000	-19.79	2.6	-6.33	-29.88
610	0	Commercials/N64/The Legend of Zelda Ocarina of Time/The Legend of Zelda Ocarina of Time Japanese Izumi Inamori Short Commercial.mp4	15.139410000000	-17.6	4.3	-5.47	-28.17
601	0	Commercials/N64/The Legend of Zelda Ocarina of Time/The Legend of Zelda Ocarina Of Time French Commercial Seras-tu  la hauteur.mp4	11.061000000000	-14.61	2.6	-5.37	-25.15
607	0	Commercials/N64/The Legend of Zelda Ocarina of Time/The Legend of Zelda Ocarina of Time Commercial.mp4	30.101000000000	-10.49	1.2	-1.02	-20.5
604	0	Commercials/N64/The Legend of Zelda Ocarina of Time/The Legend of Zelda Ocarina Of Time French Commercial Zelda Teaser.mp4	31.221000000000	-16.34	3.6	-5.21	-26.55
608	0	Commercials/N64/The Legend of Zelda Ocarina of Time/The Legend of Zelda Ocarina of Time Japanese Akira Maeda Long Commercial.mp4	29.796433000000	-20.22	5.2	-9.33	-31.01
605	0	Commercials/N64/The Legend of Zelda Ocarina of Time/The Legend of Zelda Ocarina of Time Commercial 2.mp4	30.041000000000	-15.11	3.5	-5.24	-25.33
614	0	Commercials/N64/The Legend of Zelda Ocarina of Time/The Legend of Zelda Ocarina of Time Spanish Carlos Segundo Commercial 1.mp4	39.881000000000	-35.48	5.2	-21.97	-46.55
616	0	Commercials/N64/The Legend of Zelda Ocarina of Time/The Legend of Zelda Ocarina of Time TV Commercial.mp4	9.281000000000	-0.86	2	2.33	-11.19
600	0	Commercials/N64/The Legend of Zelda Ocarina of Time/The Legend of Zelda Ocarina Of Time French Commercial Combat.mp4	20.681000000000	-14.38	1	-5.01	-24.55
617	0	Commercials/N64/The Legend of Zelda Ocarina of Time/The Legend of Zelda Ocarina of Time Unaired Commercial.mp4	56.761000000000	-16.55	13.6	-0.97	-27.27
609	0	Commercials/N64/The Legend of Zelda Ocarina of Time/The Legend of Zelda Ocarina of Time Japanese Izumi Inamori Long Commercial.mp4	29.963267000000	-19.33	3.5	-8.34	-29.46
603	0	Commercials/N64/The Legend of Zelda Ocarina of Time/The Legend of Zelda Ocarina Of Time French Commercial Suffering.mp4	30.761000000000	-14.94	1.7	-5.21	-25.08
612	0	Commercials/N64/The Legend of Zelda Ocarina of Time/The Legend of Zelda Ocarina of Time Japanese Kyoko Fukada Short Commercial.mp4	15.221000000000	-11.78	2.4	-3.94	-22.05
602	0	Commercials/N64/The Legend of Zelda Ocarina of Time/The Legend of Zelda Ocarina Of Time French Commercial Stone.mp4	30.761000000000	-15.65	2	-5.07	-25.75
611	0	Commercials/N64/The Legend of Zelda Ocarina of Time/The Legend of Zelda Ocarina of Time Japanese Kyoko Fukada Long Commercial.mp4	29.976961000000	-22.66	5.4	-8.37	-33.27
546	0	Commercials/PC + PS4 + XB1/DOOM (2016)/DOOM (2016) Fight Like Hell Cinematic Trailer.mp4	60.161000000000	-12.67	5.2	-0.57	-22.71
613	0	Commercials/N64/The Legend of Zelda Ocarina of Time/The Legend of Zelda Ocarina of Time Japanese Tatsuya Fujiwara Long Commercial.mp4	29.661000000000	-19.51	8	-7.68	-29.96
615	0	Commercials/N64/The Legend of Zelda Ocarina of Time/The Legend of Zelda Ocarina of Time Spanish Carlos Segundo Commercial 2.mp4	31.346939000000	-17.87	3.7	-5.34	-28.17
619	0	Commercials/PC/Half-Life/Blue Shift/Half-Life Blue Shif Advertisementt.mp4	121.061000000000	-13.59	10.6	-2.23	-24.19
620	0	Commercials/PS2/Half-Life/Half-Life Commercial.mp4	43.467755000000	-12.92	3.3	0.1	-23.12
618	0	Commercials/PC/Half-Life/Half-Life GOTY Commercial.mp4	30.630600000000	-30.08	4.9	-13.97	-40.18
622	0	Carpoolers/1/Carpoolers 102 Laird of the Rings.avi	1290.624000000000	-18.26	8.3	0.14	-28.95
626	0	Carpoolers/1/Carpoolers 106 The Code.avi	1242.096000000000	-20.32	9.5	0.24	-30.85
621	0	Carpoolers/1/Carpoolers 101 Dougie's First Day.avi	1283.616000000000	-20.73	8.2	0.04	-31.34
623	0	Carpoolers/1/Carpoolers 103 Who Would You Do.avi	1290.144000000000	-18.25	7	0.74	-28.86
625	0	Carpoolers/1/Carpoolers 105 A Divorce to Remember.avi	1287.120000000000	-17.11	7.4	-0	-27.59
624	0	Carpoolers/1/Carpoolers 104 Down for the Count.avi	1289.136000000000	-21.46	8.3	0.07	-32.12
634	0	Commercials/N64/Extreme-G and Turok Dinosaur Hunter/Extreme-G_Turok Commercial (1997).mp4	29.884082000000	-18.04	1.7	-3.69	-28.04
628	0	Carpoolers/1/Carpoolers 108 First Fight.avi	1172.592000000000	-24.74	6.2	-4.56	-35.17
636	0	Commercials/N64/Nintendo 64 3rd Dimension Commercial 2.mp4	60.141000000000	-23.62	2.3	-10.31	-33.64
627	0	Carpoolers/1/Carpoolers 107 The Seminar.avi	1231.080000000000	-24.86	6	-2.91	-35.27
641	0	Commercials/N64/Nintendo 64 Get N or Get Out Dance Commercial.mp4	18.181000000000	-20.52	3.5	-8.16	-30.55
629	0	Carpoolers/1/Carpoolers 109 The Handsomest Man.avi	1250.592000000000	-25.09	6.2	-4.83	-35.64
630	0	Carpoolers/1/Carpoolers 110 Wheels of Fortune.avi	1262.232000000000	-24.29	5.8	-3.52	-34.85
631	0	Carpoolers/1/Carpoolers 111 The Recital.avi	1237.872000000000	-24.57	5.7	-2.77	-34.96
633	0	Carpoolers/1/Carpoolers 113 Take Your Daughter to Work Day.avi	1220.016000000000	-25.03	6.2	-2.75	-35.62
632	0	Carpoolers/1/Carpoolers 112 Lost in America.avi	1262.304000000000	-24.33	6.7	-2.68	-34.86
635	0	Commercials/N64/Nintendo 64 3rd Dimension Commercial 1.mp4	66.401000000000	-21.91	2.2	-8.1	-31.94
642	0	Commercials/N64/Nintendo 64 Get N or Get Out I Quit Commercial.mp4	15.141000000000	-24.44	1.9	-11.59	-35.07
649	0	Commercials/N64/BattleTanx Global Assault/BattleTanx Global Assault Commercial.mp4	30.232381000000	-24.67	1.9	-13.08	-34.72
651	0	Commercials/N64/Jet Force Gemini/Jet Force Gemini The Bugs are Coming Commercial v2.mp4	30.141000000000	-28.3	5.6	-14.11	-38.36
661	0	Commercials/N64/Goldeneye/Goldeneye 007 Spanish Commercial.mp4	29.837642000000	-14.5	1.9	-3.28	-24.51
650	0	Commercials/N64/Jet Force Gemini/Jet Force Gemini The Bugs are Coming Commercial v1.mp4	36.041000000000	-11.2	8.7	0.53	-22.22
653	0	Commercials/N64/Turok 2 Seeds of Evil/Turok 2 Seeds of Evil Short Commercial.mp4	18.141000000000	-16.93	6.8	-6.88	-27.06
652	0	Commercials/N64/Mario Party/Mario Party Commercial.mp4	30.501000000000	-27.49	6.7	-14.11	-37.73
639	0	Commercials/N64/Nintendo 64 Scott Adsit Sports Ad #2.mp4	32.981000000000	-20.19	5.2	-4.73	-30.49
640	0	Commercials/N64/Nintendo 64 Scott Adsit Sports Ad #3.mp4	33.121000000000	-17.7	11.8	-4.51	-28.37
659	0	Commercials/N64/Goldeneye/GoldenEye 007 UK Commercial.mp4	38.681000000000	-12.07	6.8	-0.2	-23.19
658	0	Commercials/N64/Goldeneye/GoldenEye 007 Obey Commercial.mp4	21.141000000000	-20.69	2.2	-7.55	-30.69
654	0	Commercials/N64/Goldeneye/GoldenEye 007 Australian Commercial 1.mp4	30.121000000000	-18.17	2.5	-2.27	-28.28
656	0	Commercials/N64/Goldeneye/GoldenEye 007 Commercial.mp4	30.101000000000	-16.55	7.5	-2.32	-27.11
657	0	Commercials/N64/Goldeneye/GoldenEye 007 Japanese Commercial.mp4	30.021000000000	-8.1	3.7	1.83	-18.2
655	0	Commercials/N64/Goldeneye/GoldenEye 007 Australian Commercial 2.mp4	30.061000000000	-12.8	2.5	0.82	-22.89
660	0	Commercials/N64/Goldeneye/GoldenEye 007 UK Joyful Commercial.mp4	10.054240000000	-27.1	2.4	-15.84	-37.38
\.


--
-- TOC entry 4919 (class 0 OID 0)
-- Dependencies: 229
-- Name: metadata_types_id_seq; Type: SEQUENCE SET; Schema: public; Owner: postgres
--

SELECT pg_catalog.setval('public.metadata_types_id_seq', 1, true);


--
-- TOC entry 4920 (class 0 OID 0)
-- Dependencies: 219
-- Name: segments_id_seq; Type: SEQUENCE SET; Schema: public; Owner: postgres
--

SELECT pg_catalog.setval('public.segments_id_seq', 25, false);


--
-- TOC entry 4921 (class 0 OID 0)
-- Dependencies: 236
-- Name: station_videos_id_seq; Type: SEQUENCE SET; Schema: public; Owner: postgres
--

SELECT pg_catalog.setval('public.station_videos_id_seq', 497, true);


--
-- TOC entry 4922 (class 0 OID 0)
-- Dependencies: 217
-- Name: stations_id_seq; Type: SEQUENCE SET; Schema: public; Owner: postgres
--

SELECT pg_catalog.setval('public.stations_id_seq', 5, true);


--
-- TOC entry 4923 (class 0 OID 0)
-- Dependencies: 225
-- Name: tags_id_seq; Type: SEQUENCE SET; Schema: public; Owner: postgres
--

SELECT pg_catalog.setval('public.tags_id_seq', 4, true);


--
-- TOC entry 4924 (class 0 OID 0)
-- Dependencies: 233
-- Name: title_metadata_id_seq; Type: SEQUENCE SET; Schema: public; Owner: postgres
--

SELECT pg_catalog.setval('public.title_metadata_id_seq', 15, true);


--
-- TOC entry 4925 (class 0 OID 0)
-- Dependencies: 221
-- Name: titles_id_seq; Type: SEQUENCE SET; Schema: public; Owner: postgres
--

SELECT pg_catalog.setval('public.titles_id_seq', 3, true);


--
-- TOC entry 4926 (class 0 OID 0)
-- Dependencies: 231
-- Name: video_metadata_id_seq; Type: SEQUENCE SET; Schema: public; Owner: postgres
--

SELECT pg_catalog.setval('public.video_metadata_id_seq', 1622, true);


--
-- TOC entry 4927 (class 0 OID 0)
-- Dependencies: 227
-- Name: video_tags_id_seq; Type: SEQUENCE SET; Schema: public; Owner: postgres
--

SELECT pg_catalog.setval('public.video_tags_id_seq', 161, true);


--
-- TOC entry 4928 (class 0 OID 0)
-- Dependencies: 223
-- Name: videos_id_seq; Type: SEQUENCE SET; Schema: public; Owner: postgres
--

SELECT pg_catalog.setval('public.videos_id_seq', 661, true);


--
-- TOC entry 4720 (class 2606 OID 24776)
-- Name: metadata_types metadata_types_name_key; Type: CONSTRAINT; Schema: public; Owner: postgres
--

ALTER TABLE ONLY public.metadata_types
    ADD CONSTRAINT metadata_types_name_key UNIQUE (name);


--
-- TOC entry 4722 (class 2606 OID 24774)
-- Name: metadata_types metadata_types_pkey; Type: CONSTRAINT; Schema: public; Owner: postgres
--

ALTER TABLE ONLY public.metadata_types
    ADD CONSTRAINT metadata_types_pkey PRIMARY KEY (id);


--
-- TOC entry 4702 (class 2606 OID 24811)
-- Name: segments segments_pkey; Type: CONSTRAINT; Schema: public; Owner: postgres
--

ALTER TABLE ONLY public.segments
    ADD CONSTRAINT segments_pkey PRIMARY KEY (id);


--
-- TOC entry 4732 (class 2606 OID 25121)
-- Name: station_videos station_videos_pkey; Type: CONSTRAINT; Schema: public; Owner: postgres
--

ALTER TABLE ONLY public.station_videos
    ADD CONSTRAINT station_videos_pkey PRIMARY KEY (id);


--
-- TOC entry 4697 (class 2606 OID 24585)
-- Name: stations stations_name_key; Type: CONSTRAINT; Schema: public; Owner: postgres
--

ALTER TABLE ONLY public.stations
    ADD CONSTRAINT stations_name_key UNIQUE (name);


--
-- TOC entry 4699 (class 2606 OID 24635)
-- Name: stations stations_pkey; Type: CONSTRAINT; Schema: public; Owner: postgres
--

ALTER TABLE ONLY public.stations
    ADD CONSTRAINT stations_pkey PRIMARY KEY (id);


--
-- TOC entry 4711 (class 2606 OID 24719)
-- Name: tags tags_name_key; Type: CONSTRAINT; Schema: public; Owner: postgres
--

ALTER TABLE ONLY public.tags
    ADD CONSTRAINT tags_name_key UNIQUE (name);


--
-- TOC entry 4713 (class 2606 OID 24717)
-- Name: tags tags_pkey; Type: CONSTRAINT; Schema: public; Owner: postgres
--

ALTER TABLE ONLY public.tags
    ADD CONSTRAINT tags_pkey PRIMARY KEY (id);


--
-- TOC entry 4730 (class 2606 OID 24872)
-- Name: title_metadata title_metadata_pkey; Type: CONSTRAINT; Schema: public; Owner: postgres
--

ALTER TABLE ONLY public.title_metadata
    ADD CONSTRAINT title_metadata_pkey PRIMARY KEY (id);


--
-- TOC entry 4704 (class 2606 OID 24864)
-- Name: titles titles_name_key; Type: CONSTRAINT; Schema: public; Owner: postgres
--

ALTER TABLE ONLY public.titles
    ADD CONSTRAINT titles_name_key UNIQUE (name);


--
-- TOC entry 4706 (class 2606 OID 24694)
-- Name: titles titles_pkey; Type: CONSTRAINT; Schema: public; Owner: postgres
--

ALTER TABLE ONLY public.titles
    ADD CONSTRAINT titles_pkey PRIMARY KEY (id);


--
-- TOC entry 4726 (class 2606 OID 24785)
-- Name: video_metadata video_metadata_pkey; Type: CONSTRAINT; Schema: public; Owner: postgres
--

ALTER TABLE ONLY public.video_metadata
    ADD CONSTRAINT video_metadata_pkey PRIMARY KEY (id);


--
-- TOC entry 4716 (class 2606 OID 24726)
-- Name: video_tags video_tags_pkey; Type: CONSTRAINT; Schema: public; Owner: postgres
--

ALTER TABLE ONLY public.video_tags
    ADD CONSTRAINT video_tags_pkey PRIMARY KEY (id);


--
-- TOC entry 4718 (class 2606 OID 24728)
-- Name: video_tags video_tags_video_id_tag_id_key; Type: CONSTRAINT; Schema: public; Owner: postgres
--

ALTER TABLE ONLY public.video_tags
    ADD CONSTRAINT video_tags_video_id_tag_id_key UNIQUE (video_id, tag_id);


--
-- TOC entry 4709 (class 2606 OID 24705)
-- Name: videos videos_pkey; Type: CONSTRAINT; Schema: public; Owner: postgres
--

ALTER TABLE ONLY public.videos
    ADD CONSTRAINT videos_pkey PRIMARY KEY (id);


--
-- TOC entry 4700 (class 1259 OID 24598)
-- Name: idx_segments_station_order; Type: INDEX; Schema: public; Owner: postgres
--

CREATE INDEX idx_segments_station_order ON public.segments USING btree (station_id, order_num);


--
-- TOC entry 4727 (class 1259 OID 24883)
-- Name: idx_title_metadata_title_id; Type: INDEX; Schema: public; Owner: postgres
--

CREATE INDEX idx_title_metadata_title_id ON public.title_metadata USING btree (title_id);


--
-- TOC entry 4728 (class 1259 OID 24884)
-- Name: idx_title_metadata_value_gin; Type: INDEX; Schema: public; Owner: postgres
--

CREATE INDEX idx_title_metadata_value_gin ON public.title_metadata USING gin (value);


--
-- TOC entry 4723 (class 1259 OID 24802)
-- Name: idx_video_metadata_value_gin; Type: INDEX; Schema: public; Owner: postgres
--

CREATE INDEX idx_video_metadata_value_gin ON public.video_metadata USING gin (value);


--
-- TOC entry 4724 (class 1259 OID 24801)
-- Name: idx_video_metadata_video_id; Type: INDEX; Schema: public; Owner: postgres
--

CREATE INDEX idx_video_metadata_video_id ON public.video_metadata USING btree (video_id);


--
-- TOC entry 4714 (class 1259 OID 24797)
-- Name: idx_video_tags_video_id; Type: INDEX; Schema: public; Owner: postgres
--

CREATE INDEX idx_video_tags_video_id ON public.video_tags USING btree (video_id);


--
-- TOC entry 4707 (class 1259 OID 24796)
-- Name: idx_videos_title_id; Type: INDEX; Schema: public; Owner: postgres
--

CREATE INDEX idx_videos_title_id ON public.videos USING btree (title_id);


--
-- TOC entry 4733 (class 2606 OID 24636)
-- Name: segments segments_station_id_fkey; Type: FK CONSTRAINT; Schema: public; Owner: postgres
--

ALTER TABLE ONLY public.segments
    ADD CONSTRAINT segments_station_id_fkey FOREIGN KEY (station_id) REFERENCES public.stations(id) ON DELETE CASCADE;


--
-- TOC entry 4739 (class 2606 OID 24878)
-- Name: title_metadata title_metadata_metadata_type_id_fkey; Type: FK CONSTRAINT; Schema: public; Owner: postgres
--

ALTER TABLE ONLY public.title_metadata
    ADD CONSTRAINT title_metadata_metadata_type_id_fkey FOREIGN KEY (metadata_type_id) REFERENCES public.metadata_types(id) ON DELETE CASCADE;


--
-- TOC entry 4740 (class 2606 OID 24873)
-- Name: title_metadata title_metadata_title_id_fkey; Type: FK CONSTRAINT; Schema: public; Owner: postgres
--

ALTER TABLE ONLY public.title_metadata
    ADD CONSTRAINT title_metadata_title_id_fkey FOREIGN KEY (title_id) REFERENCES public.titles(id) ON DELETE CASCADE;


--
-- TOC entry 4737 (class 2606 OID 24791)
-- Name: video_metadata video_metadata_metadata_type_id_fkey; Type: FK CONSTRAINT; Schema: public; Owner: postgres
--

ALTER TABLE ONLY public.video_metadata
    ADD CONSTRAINT video_metadata_metadata_type_id_fkey FOREIGN KEY (metadata_type_id) REFERENCES public.metadata_types(id) ON DELETE CASCADE;


--
-- TOC entry 4738 (class 2606 OID 24786)
-- Name: video_metadata video_metadata_video_id_fkey; Type: FK CONSTRAINT; Schema: public; Owner: postgres
--

ALTER TABLE ONLY public.video_metadata
    ADD CONSTRAINT video_metadata_video_id_fkey FOREIGN KEY (video_id) REFERENCES public.videos(id) ON DELETE CASCADE;


--
-- TOC entry 4735 (class 2606 OID 24734)
-- Name: video_tags video_tags_tag_id_fkey; Type: FK CONSTRAINT; Schema: public; Owner: postgres
--

ALTER TABLE ONLY public.video_tags
    ADD CONSTRAINT video_tags_tag_id_fkey FOREIGN KEY (tag_id) REFERENCES public.tags(id) ON DELETE CASCADE;


--
-- TOC entry 4736 (class 2606 OID 24729)
-- Name: video_tags video_tags_video_id_fkey; Type: FK CONSTRAINT; Schema: public; Owner: postgres
--

ALTER TABLE ONLY public.video_tags
    ADD CONSTRAINT video_tags_video_id_fkey FOREIGN KEY (video_id) REFERENCES public.videos(id) ON DELETE CASCADE;


--
-- TOC entry 4734 (class 2606 OID 24706)
-- Name: videos videos_title_id_fkey; Type: FK CONSTRAINT; Schema: public; Owner: postgres
--

ALTER TABLE ONLY public.videos
    ADD CONSTRAINT videos_title_id_fkey FOREIGN KEY (title_id) REFERENCES public.titles(id) ON DELETE CASCADE;


-- Completed on 2025-10-15 16:37:07

--
-- PostgreSQL database dump complete
--

\unrestrict dnVUJxlAJf3NWZUpJYAmesfJwBmF8Of4ekFSgwU7vZjYuLC3fACXas6RhkwrWON

